folderName,fileName,model response,model Identification
1287_DEER_PARK_CAR_WASH__1287_Deer_Park_Ave__North_Babylon__NY__11703,ChIJLUX-hkws6IkRK_ZDw-74JmI.png,"Yes, there is a tunnel wash facility visible at the Deer Park Car Wash in the image. The building has a long, translucent-roofed section, which is characteristic of a car wash tunnel.",Yes
,ChIJPZPx_6ot6IkRJV1mXUqwBLk.png,"Yes, the image shows a building with clear entry and exit points for cars to drive through, indicating a tunnel wash facility.",Yes
,ChIJd0QNua8t6IkRhDsVLolDeUM.png,"Yes, the image shows a long, rectangular building that appears to be a tunnel wash facility.",Yes
,matching_results.txt,"Total competitors found in CSV: 0

Competitors not found in CSV:
Car Wash
Bubble Brush Self Service Car Wash
Deer Park Car Wash Inc",
26_WEISS_GUYS_EXPRESS__13820_N_40TH_STREET__PHOENIX__AZ__85032,ChIJ0RgDmjpyK4cRGLHyUrVzWkk.png,"Yes, the image shows a long, rectangular building which is indicative of a tunnel wash facility.",Yes
,ChIJ2Q1dGSRzK4cR_NzdVdQ4jAg.png,"Yes, the image shows a long, rectangular structure covered by blue panels, which is characteristic of a tunnel wash facility. There are clear entry and exit points visible.",Yes
,ChIJ874Sh8tzK4cRnDHD-MbhtBU.png,"Yes, the car wash has a tunnel wash facility.",Yes
,matching_results.txt,"Total competitors found in CSV: 0

Competitors not found in CSV:
Elephant Car Wash
PV Car Wash
Wash Tubb",
27_WEISS_GUYS_EXPRESS__8365_W_McDowell_Rd__Tolleson__AZ__85353,ChIJAbnuFWUVK4cRWV7lpmd5Ejo.png,"Yes, there is a tunnel wash facility.",Yes
,ChIJfQniqYAVK4cRBurvadGj8GA.png,"Yes, the image shows a long, rectangular building which appears to be a tunnel wash facility.",Yes
,ChIJt3j-KFcUK4cR0aJKdJ0QSuA.png,"Yes, the facility appears to be a tunnel wash designed for trucks, as evidenced by the long building structure with vehicles entering one end and likely exiting the other, which is characteristic of a tunnel wash operation.",Yes
,ChIJu7dy6tc_K4cRiBloCioLLmU.png,"Yes, the image shows a long, enclosed building structure with apparent entry and exit points typical of a tunnel wash facility, consistent with the ""Express Wash"" part of the business name.",Yes
,matching_results.txt,"Total competitors found in CSV: 1

Competitors found in CSV:
Raceway Express Car Wash

Competitors not found in CSV:
Super Shine Express Wash and Self Serve Car and Dog Wash
Super Star Car Wash (83rd Ave & Mcdowell)
Blue Beacon Truck Wash of Tolleson, AZ
Circle K | Car Wash",
28_WEISS_GUYS_EXPRESS__121_E_Van_Buren_St__St._Avondale__AZ__85323,ChIJ5XikAtw4K4cRlJJUYSjtCCQ.png,"No, there is no visible tunnel wash facility in the satellite image. The labeled location appears to be a residential property with a driveway, and there is no structure resembling a car wash tunnel.",No
,ChIJJV130s44K4cRTCH0M9GZ5nU.png,"Yes, the image shows a rectangular structure with clear entry and exit points typical of a tunnel wash facility.",Yes
,ChIJWR1FtsU4K4cR4pY9H3XEzZw.png,"Yes, the car wash facility shown in the image appears to have at least one tunnel wash. There are two long, rectangular structures visible, which are consistent with the appearance of a car wash tunnel with clear entry and exit points for vehicles to drive through.",Yes
,matching_results.txt,"Total competitors found in CSV: 0

Competitors not found in CSV:
Elephant Car Wash
Super Star Car Wash | Full-Service Location
J's driveway carwash",
330_S._Broadway_Lawrence__330_S_Broadway__Lawrence__MA__1843,ChIJETHvSsYH44kR4aglybbyC-8.png,"Yes, the image shows a long rectangular building labeled as a car wash facility, which is consistent with the structure of a tunnel car wash.",Yes
,ChIJf8SztH4H44kR_7NAYBDwy_0.png,"No, there is no visible tunnel wash facility in the provided satellite image. The location marked ""Jay's car wash services"" appears to be a residential property with a driveway and a small detached garage or shed, neither of which is a car wash tunnel.",No
,ChIJmxVqJ10H44kRFUEvj5dqe6I.png,"No, there is no visible tunnel wash facility in the provided satellite image. The image shows several auto service, repair, and detailing businesses, but none of the structures match the description of a car wash tunnel.",No
,ChIJpyUbV7oH44kRxQ-fLec-FlA.png,"Yes, there appears to be a tunnel wash facility.",Yes
,matching_results.txt,"Total competitors found in CSV: 1

Competitors found in CSV:
Haffner's Car Wash

Competitors not found in CSV:
Haffner's Gentle Touch Car Wash
Jay's car wash services
NR PRESTIGE AUTO DETAILING CO.
Haffner's Gas Station and Car Wash",
360_Car_Wash__180_South_US-175__Seagoville__TX__75159,ChIJ58gLJj2xToYRQvNoHBXrKU4.png,"Yes, the image shows a building that appears to be a tunnel wash facility, with vehicles queued and entering/exiting a long structure.",Yes
,ChIJE_w_TgCxToYRy3GFNnHVDnU.png,"No, there is no car wash facility depicted in the image, and thus no tunnel wash.",No
,ChIJHxQqHWSxToYR2lx_uOhD8Ro.png,"No, the car wash facility visible in the image appears to be a building with multiple bays, which is typical of a self-serve or in-bay automatic car wash, not a tunnel wash facility. A tunnel wash is a longer structure designed for cars to drive or be pulled through.",No
,ChIJIeC83tSwToYRSK-jop82xCs.png,"Yes, the building labeled ""Hartis' Car Wash"" appears to be a tunnel wash facility.",Yes
,ChIJW2iDRyixToYRvTNatGyiYdU.png,"Yes, the image shows a structure consistent with a tunnel car wash facility.",Yes
,ChIJZ9WmTtqwToYRB6ncbICIRfY.png,"Yes, the image shows a long, rectangular building labeled ""G Wash Seagoville"" with apparent entry and exit points, which indicates a tunnel wash facility.",Yes
,ChIJd1weUWyxToYRcrEUtJ8OhKQ.png,"No, there is no visible tunnel wash facility in the image. The building is labeled ""Seagoville Express Lube & Auto Care"" and does not appear to have a tunnel structure designed for car drive-through washing.",No
,ChIJtbVpYl6xToYRLmhKx6SNzbA.png,"No, the image does not show a tunnel wash facility. The visible structure appears to be for hand car washing, potentially with individual bays, rather than an enclosed drive-through tunnel.",No
,matching_results.txt,"Total competitors found in CSV: 0

Competitors not found in CSV:
360 CarWash
Gonzalez Hand Car Wash
Chato's carwash
Car Wash
Extreme Lava Wash
Hartis' Car Wash
Bryan mobile detailing
G Wash Seagoville",
4th_u0026_Douglas__5301_4th_Street_NW__Albuquerque__NM__87107,ChIJ-bu6s3BzIocR_HzQGX2Mcjc.png,"Yes, the image shows a tunnel car wash facility. The long, rectangular structure is consistent with the description of a tunnel wash with apparent entry and exit points.",Yes
,ChIJ7XBLam9zIocRM0j8dSA3Nsg.png,"Yes, the image shows a long, rectangular structure with visible entry and exit points, which is consistent with a tunnel wash facility.",Yes
,ChIJW4DHaW9zIocRdAg8HxawdA4.png,"Yes, the image shows a long, rectangular structure labeled ""CARWASH"" and ""Century Car Wash"", which appears to be a tunnel wash facility.",Yes
,ChIJXSJdrXBzIocRXJpVibfFOKk.png,"Yes, the image shows a long, rectangular structure next to the ""Circle K | Car Wash"" label, which appears to be a tunnel wash facility with clear entry and exit points for cars to drive through.",Yes
,ChIJl7GbXxJzIocRQ5wc3wnCQ0A.png,"No, this image shows a collision center and a towing business, not a car wash with a tunnel facility.",No
,matching_results.txt,"Total competitors found in CSV: 1

Competitors found in CSV:
Champion Xpress Carwash

Competitors not found in CSV:
Phillips 66
Circle K | Car Wash
CARWASH
Century Car Wash
DISCOUNT COLLISION CENTER LLC",
A-KEY_CAR_WASH__2210_N_Prince_St__Clovis__NM__88101,ChIJ11Nj23PeAocRyeFoFPPO-hU.png,"Yes, the car wash shown in the image appears to have a tunnel wash facility, which is the long rectangular building with clear entry and exit points.",Yes
,ChIJ2SKbOQveAocRMH0CthvV8Ic.png,"Yes, there appears to be a tunnel wash facility.",Yes
,ChIJAbdAcT_eAocRq6k0JOVUTmw.png,"Yes, based on the satellite image, the main building of the car wash appears to be a long, rectangular structure with clear entry and exit points consistent with a tunnel wash facility.",Yes
,ChIJAwha3XbeAocR4QYEwyS6k1g.png,"Yes, the image shows a car wash with two tunnel wash facilities.",Yes
,ChIJX4-ByxLeAocRqqSEko_0Xus.png,"Yes, based on the satellite image, there appears to be a structure consistent with a tunnel car wash facility attached to the main building, featuring a drive-through path.",Yes
,ChIJXR8sMAveAocRgfPhOv2KPas.png,"Yes, the image shows a tunnel wash facility at the Washpointe Auto Wash.",Yes
,ChIJXzF1TYvhAocRnIYitlbniF0.png,"No, there is no visible tunnel car wash facility in the image. The business labeled near that area is ""Jags Detail & Tint"", which suggests detailing and tinting services, not a tunnel car wash.",No
,ChIJk3T2CRrfAocRgoyGz0zRIM4.png,"Yes, it appears to have a tunnel wash facility.",Yes
,matching_results.txt,"Total competitors found in CSV: 0

Competitors not found in CSV:
A-Key Car Wash
Jags Detail & Tint
Hole In The Wall Car Wash
Washpointe Auto Wash
Grease Monkey
Zips Car Wash
Soapy Springs
Soapy Springs Car Wash",
AGGIELAND_EXPRESS_2__2526_Texas_Ave__College_Station__TX__77840,ChIJ34AM1XuERoYR5N_qPl_9qtI.png,"Yes, the image shows a rectangular building labeled ""H-E-B Car Wash"" which appears to be a tunnel wash facility with clear entry and exit points for vehicles.",Yes
,ChIJQY5pufSERoYRhS0k3s1SwUM.png,"Yes, the image shows a tunnel wash facility.",Yes
,ChIJ_aGWhnmERoYRJOz674big58.png,"Yes, the car wash appears to have a tunnel wash facility based on the rectangular building structure with visible entry and exit driveways.",Yes
,ChIJmwI1hOaERoYRAqlEyoDGm0I.png,"No,",No
,ChIJq48tsASFRoYROeGddvlYrCU.png,"Yes, the image shows a long, rectangular structure with a track or guide system, which is characteristic of a tunnel wash facility.",Yes
,ChIJr8jrFmOERoYRfKsq2iskXFs.png,"Yes, the image shows a car wash with a tunnel wash facility.",Yes
,matching_results.txt,"Total competitors found in CSV: 0

Competitors not found in CSV:
Aggieland Express Car Wash
Car Wash
Drew's Car Wash - Texas Avenue
H-E-B Fuel
H-E-B Car Wash
Pitt Stop Detail & Auto Sales",
AGGIELAND_EXPRESS__1900_GREENS_PRAIRIE_RD__COLLEGE_STATION__TX__77845,ChIJTUNHYzOFRoYRDvt9X8k7JGs.png,"Yes, the image shows a rectangular structure with clear entry and exit points designed for vehicles to drive through, which indicates a tunnel wash facility.",Yes
,ChIJUxPx-cqaRoYRx89LcJcrvlQ.png,"Yes, the image shows a long, rectangular structure which appears to be a tunnel wash facility.",Yes
,ChIJWWmKr8CbRoYRjVtGuhQytx8.png,"Yes, there is a tunnel wash facility visible in the image. The long rectangular building marked with ""4442"" appears to be the tunnel.",Yes
,ChIJeYvxkMqaRoYRbe0UU8hVqx0.png,"Yes, the image shows a car wash facility with a long, rectangular structure that appears to be a tunnel wash.",Yes
,ChIJnckqpM-aRoYRO3N6dLHzdOg.png,"Yes, the image shows a long, rectangular building with clear entry and exit points, characteristic of a tunnel car wash facility.",Yes
,matching_results.txt,"Total competitors found in CSV: 0

Competitors not found in CSV:
Aggieland Express Car Wash
Drew's Car Wash - Tower Point
H-E-B Fuel
Wolf Creek Lube Center
Simoniz Car Wash",
ALL_STAR_CAR_WASH__5835_N_Market_St__Shreveport__LA__71107,,,
ALOHA_CAR_WASH__5360_Laurel_Springs_Pkwy__Suwanee__GA__30024,ChIJ-R46nXWZ9YgROV5oWqF9-kM.png,"Yes, based on the structure of the main building which appears to be a drive-through facility for cars with clear entry and exit points, it is likely a tunnel wash facility.",Yes
,ChIJ6VpqvmuZ9YgRTAdmmatebB8.png,"Yes, the image shows a long, rectangular building with clear drive-through lanes, which is characteristic of a tunnel wash facility.",Yes
,ChIJj10yvmuZ9YgRTqkF4C7Ym7w.png,"Yes, the image shows a long, rectangular building with apparent drive-through lanes, consistent with a tunnel wash facility.",Yes
,matching_results.txt,"Total competitors found in CSV: 0

Competitors not found in CSV:
Aloha Car Wash
Express Car Wash
California Hand Wash - Johns Creek",
AMERICAN_CAR_WASH__1340_7th_St_W__Saint_Paul__MN__55102,ChIJ3Q6wrVor9ocRk9jDXKBt8kA.png,"No,",No
,ChIJjQ2fDk8q9ocR5lPeGIUtKWw.png,"No,",No
,matching_results.txt,"Total competitors found in CSV: 1

Competitors found in CSV:
Soapy Joe's Car Wash

Competitors not found in CSV:
bp
The Car Wash Co.",
AUTO_WASH_EXPRESS__4060_MONTROSE_ROAD__NIAGARA_FALLS__ON__L2H1J9,ChIJ149-ar1F04kRpiMxmjlO4bo.png,"No, there is no visible tunnel wash facility in the image.",No
,ChIJ6ag4crFE04kRI-ueNArfwSw.png,"Yes, the rectangular shape of the building with apparent entry and exit points suggests it has a tunnel wash facility.",Yes
,ChIJ9b0637NE04kRZF3HrjK3X7Y.png,"No, based on the satellite image, there is no visible structure that appears to be a tunnel car wash facility. The image shows a gas station and associated buildings, but not a distinct, long, rectangular building with clear entry and exit points characteristic of a tunnel wash.",No
,ChIJHXFFOKdE04kRhogf8laBMVc.png,"No,",No
,ChIJJ2xcR2ZD04kRet-MOqvqV5Y.png,"No,",No
,ChIJ__8zSadE04kRLQqI88vBOmo.png,"No, I do not see a tunnel wash facility in the image.",No
,ChIJa9jdlVBD04kR5vbS0x-LcrI.png,"No, there is no tunnel wash facility visible in the provided satellite image. The facility labeled ""Auto MK Car Cleaning"" appears to be located in a residential or small commercial building, not a dedicated car wash tunnel structure.",No
,matching_results.txt,"Total competitors found in CSV: 0

Competitors not found in CSV:
Valet Car Wash (Niagara Falls North)
Canadian Tire Gas+
SHOP 22 INC.
1 Stop Hand Car Wash
Auto MK Car Cleaning
Washworx
Shell",
Abercorn__10509_Abercorn_St__Savannah__GA__31419,ChIJUdevGft0-4gRI1iHsNpHgxU.png,"Yes, the image shows a long, rectangular structure attached to the Zips Car Wash building, which appears to be a tunnel wash facility with a drive-through path.",Yes
,ChIJXbH8B_t0-4gRUmyqGOf7gh0.png,"No, the image shows a self-serve car wash with multiple bays, not a tunnel wash facility.",No
,ChIJn_qV7KZ1-4gRdou2fb9-UHU.png,"No, I do not see a tunnel wash facility in the satellite image at the location labeled ""Pro-Shine"". The area appears to be an open lot with some vehicles, not a rectangular drive-through structure.",No
,ChIJz6GuPN_4uiMRsxLsdwTLmHg.png,"No, there is no visible tunnel wash facility in the satellite image. The location marked ""SmartCleans Mobile Detailing"" appears to be in a parking lot, and no structure resembling a car wash tunnel is present.",No
,matching_results.txt,"Total competitors found in CSV: 3

Competitors found in CSV:
LUV Car Wash
Tidal Wave Auto Spa | Car Wash
LUV Car Wash

Competitors not found in CSV:
SmartCleans Mobile Detailing
Pro-Shine
Zips Car Wash
Self Car Wash",
Adore_Car_Wash__771-789_Barwon_Heads_Rd__Armstrong_Creek__VIC__3217,ChIJIUW_Rntr1GoRePjdozrj7nU.png,"Yes, the satellite image shows a structure that appears to be a tunnel wash facility.",Yes
,ChIJceIdo3tr1GoRf_YbiSCkmAQ.png,"No, there is no visible tunnel wash facility in the provided satellite image. The marker indicates a mobile car wash service, and there is no structure resembling a tunnel wash in the depicted area.",No
,ChIJm7YoNBpr1GoR4AX5f0iC220.png,"No, there is no visible tunnel wash facility in the provided satellite image. The location marked ""Warralily Detailing"" appears to be a residential property without the typical structure of a car wash tunnel.",No
,matching_results.txt,"Total competitors found in CSV: 0

Competitors not found in CSV:
Adore The Car Wash
Warralily Detailing
Brilliant Mobile Car Wash",
Alabaster_Wash_and_Wax__916_1st_St_S__Alabaster__AL__35007,ChIJe_BD6L0liYgRNs1M6oMAzMU.png,"No,",No
,ChIJhwoEOwYliYgRd83W7lLbmwE.png,"Yes, the satellite image shows a car wash facility with a long building structure and clear entry and exit points, indicating a tunnel wash facility.",Yes
,matching_results.txt,"Total competitors found in CSV: 0

Competitors not found in CSV:
Alabaster Car Wash
McGuireEliteDetailing",
Aladdin_Car_Wash__1616_S_57th_St__Temple__TX__76504,ChIJFSw4OQBrRYYRCGCOgeXZAqw.png,"Yes, the image shows long, rectangular structures which are typical of a tunnel wash facility.",Yes
,ChIJSVRizA1rRYYRT8p3d0nVflU.png,"No, I do not see a tunnel wash facility depicted in the image. The visible structures appear to be self-service bays, vacuum stalls, and possibly detailing areas, but not a dedicated drive-through tunnel.",No
,ChIJyYnr5Abd2ocRokhOlHPpTFQ.png,"No, there is no visible tunnel wash facility in this satellite image. The labeled businesses are ""Jay's Shop"" and ""Back to Life Detailing,"" neither of which clearly indicates a tunnel wash, and no such structure is visible on the property.",No
,matching_results.txt,"Total competitors found in CSV: 0

Competitors not found in CSV:
Aladdin Car Wash
Ragin' Cajun
Back to Life Detailing",
Alameda__395_Alameda_Blvd_NW__Albuquerque__NM__87114,matching_results.txt,"Total competitors found in CSV: 2

Competitors found in CSV:
Champion Xpress Carwash
Mike's Car Wash",
Alamosa__51_Craft_Dr__Alamosa__CO__81101,ChIJrXoDZPR7FocRQX7t5Cao-k8.png,"Yes, there is a tunnel wash facility visible in the image. The long, rectangular structures located below the Phillips 66 label appear to be a car wash tunnel with lanes for vehicles to drive through.",Yes
,matching_results.txt,"Total competitors found in CSV: 1

Competitors found in CSV:
Champion Xpress Carwash

Competitors not found in CSV:
Pester Marketing Co",
All_American_Big_Spring__513_W_Marcy_Dr__Big_Spring__TX__79720,ChIJ4UVStVMi-YYRIu_S4x5m98s.png,"No, the image does not show a tunnel wash facility. The building labeled ""Turtle Hole Auto Bath"" appears to be a standard car wash building, not a long tunnel structure.",No
,ChIJHQmiHAAj-YYRIC1qJZTH6xw.png,"No, the satellite image does not clearly show a distinct tunnel wash facility. The building appears to have multiple bays, suggesting potentially self-service or in-bay automatic washes, rather than a long, drive-through tunnel structure.",No
,ChIJL8A4TXcj-YYRX1OkyKaxi8c.png,"No, the car wash in the image appears to have individual wash bays, not a tunnel wash facility.",No
,ChIJMeGaIfYi-YYR4D9yWqrkAGU.png,"Yes, the building labeled ""Flores Auto Wash / Repair"" appears to have a rectangular structure with clear entry and exit points, which is characteristic of a tunnel wash facility.",Yes
,matching_results.txt,"Total competitors found in CSV: 1

Competitors found in CSV:
All American Car Wash

Competitors not found in CSV:
Turtle Hole Auto Bath
Flores Auto Wash / Repair
Carwash
Texpress Carwash",
All_American_Boerne__1376_S_Main_St__Boerne__TX__78006,ChIJ-cik9bJ2XIYRgMQyUxZyGJ4.png,"Yes, the image shows a tunnel wash facility located to the left of the Circle K convenience store building. It is a rectangular structure with paved areas leading to and from it, indicating a drive-through car wash.",Yes
,ChIJBfzxYbJ2XIYRdcgbg5CP_Is.png,"Yes, the facility appears to have a tunnel wash. The building labeled ""H.E.B. Car Wash"" is a rectangular structure with apparent entry and exit points, consistent with a drive-through tunnel wash design.",Yes
,ChIJO_25tLN2XIYRQxTC4LN8R2Y.png,"Yes, the image shows a rectangular structure labeled ""H-E-B Car Wash"" with apparent entry and exit points, which is consistent with a tunnel wash facility.",Yes
,ChIJacTqZLR2XIYRJim9_o3j6mA.png,"Yes, the image appears to show a long, rectangular structure that is consistent with a tunnel wash facility.",Yes
,matching_results.txt,"Total competitors found in CSV: 2

Competitors found in CSV:
All American Car Wash
Club Car Wash

Competitors not found in CSV:
Water Street Car Wash
H-E-B Fuel
H-E-B Car Wash
Circle K",
All_American_Bulverde__22247_Bulverde_Rd__San_Antonio__TX__78259,matching_results.txt,"Total competitors found in CSV: 1

Competitors found in CSV:
All American Car Wash",
All_American_Car_Wash__917_N_7th_St__Vincennes__IN__47591,ChIJ1fxWOW3_bYgR5zQsbvQZ16g.png,"Yes, the satellite image shows a long, rectangular structure with clear entry points, consistent with a tunnel wash facility.",Yes
,ChIJ511Nshb_bYgRqp5ByWI_C3U.png,"No,",No
,ChIJA13FaQr_bYgRtTrcIZwgEwg.png,"Yes, it appears to have a tunnel wash facility.",Yes
,ChIJazek1p__bYgRnDd05PzqAuk.png,"No, I do not see a tunnel wash facility in the provided satellite image. The building associated with ""Grime Rides"" does not resemble a typical car wash tunnel structure.",No
,ChIJm7VrViz_bYgR7KdQZHRymS0.png,"Yes, the car wash facility shown in the image appears to be a tunnel wash facility based on its long, rectangular shape with visible entry and exit points.",Yes
,matching_results.txt,"Total competitors found in CSV: 1

Competitors found in CSV:
Ducky's

Competitors not found in CSV:
All American Car Wash and Express Lube
Car Wash
Dirtbuster Car Wash
Grime Rides
UNCLE SAM'S CAR WASH",
All_American_Dezavala__4242_De_Zavala_Rd__San_Antonio__TX__78249,ChIJ5_augSZhXIYRZEGRdLb6h0Q.png,"No,",No
,ChIJD3tcN81mXIYRE7hnmLQPjg0.png,"Yes, the rectangular structure next to the gas pumps appears to be a tunnel wash facility.",Yes
,ChIJMfwFLtBmXIYRXQj1E7BCj2g.png,"Yes, the image shows a structure that appears to be a tunnel wash facility. The building labeled 4840 is a long, covered structure with visible entry and exit points, consistent with the description of a car wash tunnel.",Yes
,ChIJRQhvCHtnXIYReMoMuQehkT4.png,"No, there is no visible tunnel wash facility in the image. The large covered area appears to be the gas station canopy covering the pumps.",No
,ChIJhepBe81mXIYR_86GlQUTA_k.png,"No,",No
,matching_results.txt,"Total competitors found in CSV: 1

Competitors found in CSV:
All American Car Wash

Competitors not found in CSV:
Circle K
Circle K | Car Wash
Zip-In Car Wash
Shell
The Hand Car Wash and Auto Detailing",
All_American_Kitty_Hawk__1024_Kitty_Hawk_Rd__Universal_City__TX__78148,ChIJE7o5Hm-NXIYR_B5IMiWXQXY.png,"Yes, the satellite image shows a long, rectangular building labeled ""Zips Car Wash"" that appears to be a tunnel wash facility with clear entry and exit points for vehicles to drive through.",Yes
,ChIJK1fycA6LXIYRDC_zBAPeBNw.png,"No, based on the satellite image, there is no discernible tunnel wash facility. The image shows a building and parking area, but not a separate, long, rectangular structure typical of a drive-through car wash tunnel.",No
,matching_results.txt,"Total competitors found in CSV: 2

Competitors found in CSV:
All American Car Wash
Watershed Carwash

Competitors not found in CSV:
Zips Car Wash
Washing Equipment of Texas - San Antonio",
All_American_Ou0027Connor__11331_Ou0027Connor_Rd__San_Antonio__TX__78233,matching_results.txt,"Total competitors found in CSV: 1

Competitors found in CSV:
Club Car Wash",
All_American_Vance_Jackson__4343_Vance_Jackson_Rd__San_Antonio__TX__78230,ChIJYc2fECleXIYR0UkTvjq7fnM.png,"Yes, there is a structure that appears to be a tunnel wash facility visible in the image, located near the ""Car Wash Temporarily closed"" label.",Yes
,ChIJaY1q5dJfXIYR-CM90J7hZ_U.png,"No,",No
,ChIJxUNJGileXIYRCYAYcZYTKAA.png,"No,",No
,matching_results.txt,"Total competitors found in CSV: 1

Competitors found in CSV:
All American Car Wash

Competitors not found in CSV:
Shell
Car Wash
The WASH CORRAL",
All_Washed_Up_Canonsburg__405_Old_Pike_St__Canonsburg__PA__15317,ChIJH72PCoBUNIgRXEHBLByv-Lo.png,"No,",No
,ChIJf15zE1hVNIgR8mh_aR7pIIg.png,"No,",No
,ChIJz5uvV4lUNIgR-RzbS_OI6UM.png,"Yes, the car wash shown in the image appears to have a tunnel wash facility.",Yes
,matching_results.txt,"Total competitors found in CSV: 0

Competitors not found in CSV:
All Washed Up Auto Spa
Central Car Wash
Sheetz",
All_Washed_Up_Dubois__306_Liberty_Blvd__DuBois__PA__15801,ChIJJ5EO6u_zzIkRmJAw1I8la10.png,"No,",No
,ChIJk547_wLzzIkRrlixNCQcpUg.png,"No,",No
,ChIJsUiGqfrzzIkRlEx4ajv72so.png,"Yes, the facility appears to have a tunnel wash based on the elongated, rectangular building structure with apparent drive-through bays.",Yes
,ChIJwyJUQeLzzIkRr4gQ2EUk9gs.png,"Yes, the image appears to show a tunnel wash facility. The long, rectangular building is consistent with the structure of a drive-through tunnel car wash.",Yes
,matching_results.txt,"Total competitors found in CSV: 0

Competitors not found in CSV:
All Washed Up Auto Spa
Sheetz
Shiny Rides Mobile Detailing
Your Favorite Car Wash
Sheetz",
All_Washed_Up_Harmar__2404_Freeport_Rd__Pittsburgh__PA__15238,ChIJ7ykKwGKTNIgR_g_9UGfg2_U.png,"Yes, the image shows a long, rectangular structure next to the Sheetz convenience store with what appears to be cars entering and exiting, indicating a tunnel wash facility.",Yes
,ChIJpRpFqeKTNIgR5PJTuoc9bRU.png,"Yes, the car wash facility appears to have a tunnel wash structure, visible as the elongated building with the blue roof.",Yes
,matching_results.txt,"Total competitors found in CSV: 1

Competitors found in CSV:
ModWash

Competitors not found in CSV:
All Washed Up Auto Spa
Sheetz",
All_Washed_Up_Johnstown__1119_Scalp_Ave__Johnstown__PA__15904,ChIJE-31X6URy4kReDc5QyV1K_U.png,"No, based on the satellite image, there is no visible structure that appears to be a tunnel wash facility at or near the location marked as ""All Washed Up Auto Spa"".",No
,ChIJfWxWTk4Qy4kR01A5ylpewjg.png,"Yes, the car wash has a tunnel wash facility.",Yes
,ChIJgRSGCBMQy4kRK_SxDYFAt9s.png,"Yes, the image shows a long, narrow structure highlighted in red, which is typical of a tunnel wash facility with apparent entry and exit points for vehicles.",Yes
,ChIJp7nnyEYQy4kR86FOs6lARX4.png,"Yes, the large rectangular building with a red roof appears to be a tunnel wash facility, designed for cars to drive through for cleaning.",Yes
,matching_results.txt,"Total competitors found in CSV: 0

Competitors not found in CSV:
All Washed Up Auto Spa
Clean Water Car Wash
Sheetz
Follow Charlie Car Wash
Sheetz",
All_Washed_Up_Munhall__630_William_Marks_Dr__Homestead__PA__15120,ChIJsR6TUAXvNIgR0UZ9khwfc14.png,"Yes, the image shows a large rectangular structure labeled ""Sweet Pea's Wash Works"" that appears to be a tunnel wash facility.",Yes
,ChIJvRbg2TjuNIgRavR0ZpcAtTc.png,"Yes, the image shows a car wash facility that includes a large rectangular building with clear entry and exit paths, which is characteristic of a tunnel wash.",Yes
,matching_results.txt,"Total competitors found in CSV: 0

Competitors not found in CSV:
All Washed Up Auto Spa
Sweet Pea's Wash Works",
All_Washed_Up_Uniontown__15_New_Salem_Rd__Uniontown__PA__15401,ChIJ9YTaCEoTNYgR6s2cVBg43NU.png,"No, there is no visible tunnel wash facility in this satellite image. The marked location appears to be in a grassy area without any building or structure indicative of a car wash tunnel.",No
,ChIJP8K8IlwVNYgRTI7lohEx-Mc.png,"Yes, the building labeled ""Mr. Quick Car Wash"" appears to be a tunnel car wash facility with a rectangular shape and clear entry and exit points for vehicles to drive through.",Yes
,ChIJZQNuR4wVNYgR9STXh9N6J9s.png,"Yes, the image shows a rectangular structure on the left side of the main building which appears to be a tunnel car wash with clear entry and exit points.",Yes
,matching_results.txt,"Total competitors found in CSV: 0

Competitors not found in CSV:
All Washed Up Auto Spa
Sheetz
Mr. Quick Car Wash",
Aloha_Car_Wash_Bothell__17818_Bothell_Everett_Hwy__Bothell__WA__98012,ChIJB3O0jvoFkFQRyut0rxNZAME.png,"Yes, the image shows a long, rectangular building with vehicles entering and exiting, which is consistent with a tunnel wash facility.",Yes
,matching_results.txt,"Total competitors found in CSV: 1

Competitors found in CSV:
Waterway

Competitors not found in CSV:
Aloha Car Wash Company",
Aloha_Car_Wash_Woodinville__13001_NE_177th_Pl__Woodinville__WA__98072,ChIJW2HJuGMDkFQR76aEabvrELk.png,"No, there is no visible tunnel wash facility in this satellite image. The location labeled ""Burdys Auto Detail"" appears to be a building with service bays, suggesting hand detailing or other services rather than a drive-through tunnel.",No
,ChIJc87kJoAOkFQRzxxKlB5-i7k.png,"No,",No
,ChIJteeGJYAOkFQRtaiB1auvKZw.png,"No,",No
,ChIJwb6z5-EPkFQRH6ETT2X0KCw.png,"Yes, the car wash facility has a tunnel wash. The long, covered structure extending from the main building with clear entry and exit lanes is a tunnel wash.",Yes
,matching_results.txt,"Total competitors found in CSV: 0

Competitors not found in CSV:
Aloha Car Wash Company
Jacksons Food Stores
Shell
Burdys Auto Detail",
Alpine_Express__2235_Alpine_Blvd__Alpine__CA__91901,ChIJzeK9WO5g2YAR66O2jEv65Zc.png,"No, there is no visible structure in the satellite image that appears to be a tunnel car wash. The buildings present seem to be individual wash bays or other related facilities.",No
,matching_results.txt,"Total competitors found in CSV: 0

Competitors not found in CSV:
Shell",
Alpine_Wash__250_S_Denton_Tap_Rd__Coppell__TX__75019,ChIJ1bORfdcpTIYRFZRCaZ80dYw.png,"Yes, the image shows a rectangular building with clear entry and exit points, consistent with a tunnel car wash facility.",Yes
,ChIJ87Qwl0UpTIYRL1GKiQlviM4.png,"Yes, the image shows a long, rectangular structure in the center which appears to be a car wash tunnel.",Yes
,matching_results.txt,"Total competitors found in CSV: 0

Competitors not found in CSV:
Alpine Car Wash
Phynix Car wash",
Alton_Town_Center__5200_Donald_Ross_Rd__Palm_Beach_Gardens__FL__33418,,,
Amaranth__200_W_Amaranth_Ln__Lincoln__NE__68523,ChIJvybCvMGVlocRGOc9lmmWm3w.png,"Yes, the satellite image shows a long, rectangular building with apparent entry and exit points, characteristic of a tunnel wash facility.",Yes
,matching_results.txt,"Total competitors found in CSV: 0

Competitors not found in CSV:
Soapatopia Car Wash",
American_Pride_Garner__1421_US-70__Garner__NC__27529,ChIJQdQbun1frIkRd4Iys5zPXJw.png,"No, there is no visible car wash tunnel facility in this image. The businesses labeled on the building are not a tunnel car wash, and no structure resembling a car wash tunnel is present.",No
,ChIJYyDlZhBhrIkR7WoOqOxXi8U.png,"No,",No
,ChIJxy7LXGVfrIkReDhQSTYtiGs.png,"No,",No
,matching_results.txt,"Total competitors found in CSV: 2

Competitors found in CSV:
American Pride Xpress Car Wash
Autobell Car Wash

Competitors not found in CSV:
Liberato’s Hand carwash
Men At Work Car Care
Prime Time Mobile Detailing",
American_Pride_Glenwood__6450_Glenwood_Ave__Raleigh__NC__27612,ChIJ4YKW0P_2rIkRCWJTgX7VD-s.png,"Yes, the image shows a long, rectangular building consistent with a tunnel wash facility.",Yes
,ChIJHwwQTQT3rIkR4xMZklTP4t0.png,"No, based on the image and the label ""Hand Car Wash"", it appears to be a facility where cars are washed manually, not through an automated tunnel wash system. The building visible is the structure associated with the hand car wash operations.",No
,ChIJP5d_QAL3rIkRo22-py-Btc4.png,"No,",No
,matching_results.txt,"Total competitors found in CSV: 1

Competitors found in CSV:
American Pride Xpress Carwash

Competitors not found in CSV:
Sparkling Clean Car Wash
bp
Hand Car Wash",
American_Pride_Newbern__3810_New_Bern_Ave__Raleigh__NC__27610,ChIJJd52Pa5erIkR5siMLz4DArI.png,"Yes, there is a tunnel wash facility. The large rectangular structure with the white grid roof next to the Exxon gas pumps appears to be a tunnel car wash.",Yes
,ChIJP7H17AhfrIkRziLHc8gDUvU.png,"No,",No
,matching_results.txt,"Total competitors found in CSV: 2

Competitors found in CSV:
American Pride Car Wash
American Pride Xpress Carwash

Competitors not found in CSV:
Robles Car Wash
Terrific Performance Kustoms Detail Tint Tires",
American_Pride_Six_Forks__8909_Six_Forks_Rd__Raleigh__NC__27615,ChIJ5T47hjFXrIkR5CBxlWaleCI.png,"No, there is no visible tunnel wash facility in the satellite image.",No
,matching_results.txt,"Total competitors found in CSV: 1

Competitors found in CSV:
American Pride Xpress Carwash

Competitors not found in CSV:
Wavyluxe",
American_Pride_Smithfield__1203_N_Brightleaf_Blvd__Smithfield__NC__27577,ChIJYYtwiJxyrIkRcwBNwOZ-iyI.png,"Yes, the satellite image shows a rectangular building labeled ""Sun Auto Wash"" with vehicles lined up and potentially inside, consistent with a tunnel wash facility. There appears to be a drive-through path through the building.",Yes
,matching_results.txt,"Total competitors found in CSV: 1

Competitors found in CSV:
American Pride Xpress Car Wash

Competitors not found in CSV:
Sun Auto Wash",
Annau0027s_Car_Wash__2332_Legacy_Circle__Elizabeth__CO__80107,ChIJJ3aiesDBbIcRbGFCyhqsByU.png,"Yes, based on the satellite image, there appears to be a long, rectangular structure that cars drive through, which is characteristic of a tunnel wash facility. The layout shows a clear entry path leading into the building and an exit path.",Yes
,ChIJXZozi7XBbIcRAFJMwQxxp0Q.png,"Yes, the image shows a rectangular building labeled ""CAR WASH"" which appears to be a drive-through structure, consistent with a tunnel wash facility.",Yes
,matching_results.txt,"Total competitors found in CSV: 0

Competitors not found in CSV:
Anna's Car and Dog Wash
CAR WASH",
Apple_Wu0026L__22355_Bellaire_Blvd__Richmond__TX__77407,ChIJ58iyZ9ohQYYR_erVopL2-8k.png,"No, there is no visible tunnel wash facility at the location marked ""Orca Splash Car Wash"" in the provided satellite image. The pin indicating the car wash location appears to be in an open grassy area without any structures resembling a car wash tunnel.",No
,ChIJA-Jr4ksgQYYRBayWVNrsS3I.png,"Yes, the image shows a long, rectangular building in the center which appears to be a tunnel wash facility.",Yes
,matching_results.txt,"Total competitors found in CSV: 0

Competitors not found in CSV:
Apple Car Wash & Lube Center
Orca Splash Car Wash",
Aqua_Blue_Duluth__1097_Duluth_Hwy__Lawrenceville__GA__30043,ChIJSdReYLm99YgRw_iylBlORL4.png,"Yes, this car wash facility appears to have a tunnel wash, which is the long, blue-roofed structure visible in the image.",Yes
,ChIJbwthC9u_9YgRnUkH5nFNZ70.png,"No, based on the provided satellite image, there is no discernible structure that appears to be a tunnel wash facility. The image shows some rectangular structures in the parking area, but they do not resemble a car wash tunnel with clear entry and exit points for vehicles.",No
,matching_results.txt,"Total competitors found in CSV: 1

Competitors found in CSV:
Mr. Clean Car Wash

Competitors not found in CSV:
Aqua Blue Car Wash
Carwash Services of the Southeast",
Aqua_Blue__85_Peachtree_Industrial_Blvd__Sugar_Hill__GA__30518,ChIJTVvuJ_aX9YgRGzZWTySqqgk.png,"Yes, the image shows a long, rectangular building with cars entering one end and exiting the other, which is characteristic of a tunnel wash facility.",Yes
,matching_results.txt,"Total competitors found in CSV: 0

Competitors not found in CSV:
Aqua Blue Car Wash",
Aqua_Breeze_Car_Wash__150_E_Felton_Rd__Cartersville__GA__30120,ChIJHQAolGhP9YgRwzHsGhcORkY.png,"Yes, the satellite image shows a long, rectangular building labeled ""Aqua Breeze Car Wash"" which appears to be a tunnel wash facility with clear entry and exit points for vehicles.",Yes
,ChIJd9F-LRJP9YgR2oeA6EQXa5E.png,"Yes, the satellite image shows a long, rectangular building with clear entry and exit points, indicating a tunnel car wash facility.",Yes
,ChIJga-X3r5P9YgR4UInM83fJr8.png,"Yes, the long rectangular building is consistent with a tunnel wash facility designed for cars to drive through.",Yes
,matching_results.txt,"Total competitors found in CSV: 0

Competitors not found in CSV:
Aqua Breeze Car Wash
Cartersville Carwash
Mach-1 Express Wash of Cartersville",
Aqua_Bubble_Car_Wash__5860_Bethelview_Rd__Cumming__GA__30040,ChIJA6hxJsGd9YgR2if0ZIFREo8.png,"Yes, there appears to be a long, rectangular structure visible in the satellite image that matches the description of a tunnel wash facility.",Yes
,ChIJFUUUt2Cb9YgRg6d6_McVFHU.png,"Yes, the image shows a car wash facility that appears to contain a tunnel wash, identifiable by the long main building with a visible entry point (with queuing area) and exit path for vehicles to drive through.",Yes
,ChIJVVPX-G-b9YgR2MvcLKZGssc.png,"No, the image does not show a tunnel wash facility. The structures present appear to be associated with a hand car wash or potentially individual wash bays, not a continuous drive-through tunnel.",No
,ChIJVVUZYWab9YgRFrxMGvJ7GKI.png,"Yes, the car wash facility shown in the image appears to have a tunnel wash. The long, rectangular building with apparent entry and exit points is characteristic of a tunnel car wash operation.",Yes
,matching_results.txt,"Total competitors found in CSV: 0

Competitors not found in CSV:
Aqua Bubble Car Wash
Eco Car Wash
Olé Hand Car Wash
ETH Transport & Detail",
Arco_Wash__4433_Lancaster_Dr_NE__Salem__OR__97305,ChIJAQBsM9_9v1QRC03tf7MfSVQ.png,"Yes, there is a tunnel wash facility visible in the image. The long rectangular building labeled ""4433"" appears to be a car wash tunnel with clear entry and exit points.",Yes
,ChIJtaXu4Kb_v1QRbqCd5VA8mc0.png,"No, based on the satellite image, there is no clearly visible structure that appears to be a car wash tunnel facility with distinct entry and exit points for vehicles to drive through. The main building seems to house multiple businesses, including a Shell gas station, but a dedicated car wash tunnel is not identifiable.",No
,matching_results.txt,"Total competitors found in CSV: 0

Competitors not found in CSV:
Splash wash
Shell",
Atlantic_Blvd__8714_Atlantic_Blvd__Jacksonville__FL__32211,ChIJV_rvDeu15YgRort6j1efNIQ.png,"No, there is no car wash facility visible in this satellite image, and consequently, no tunnel wash facility. The marker indicates ""Blessed Holy Services LLC"", which does not appear to be a car wash.",No
,ChIJ_5FlQHe15YgRWha26lMq98w.png,"No, there is no visible tunnel wash facility in this image. The structures present appear to be buildings and paved areas for detailing or parking.",No
,ChIJs30cDym15YgRVw4k5zEoLpQ.png,"No, there is no visible car wash tunnel facility in this image. The businesses labeled are not car washes, and none of the structures visible resemble a car wash tunnel.",No
,matching_results.txt,"Total competitors found in CSV: 2

Competitors found in CSV:
LUV Car Wash
Whistle Express Car Wash

Competitors not found in CSV:
AC1 Kustoms
Car wash afghan guy
Blessed Holy Services LLC Automotive Detailing",
Atlantic_Express__7700_Atlantic_Ave__Cudahy__CA__90201,ChIJ063WorDOwoARWUTng8hnY0U.png,"No, there is no visible tunnel wash facility in the image. The car wash area appears to consist of buildings and open/covered bays, not a distinct tunnel structure.",No
,ChIJ3RwaW5jOwoARz1zGbROIJxQ.png,"Yes, the image shows a rectangular building labeled as a car wash with covered drive-through lanes leading to it, which indicates the presence of a tunnel wash facility.",Yes
,ChIJBbWPtr_OwoARyenorQiFHJo.png,"No,",No
,ChIJFRiDGnvJwoARheNN3JcOMWM.png,"No, I cannot identify a tunnel wash facility in the satellite image at the location marked ""Bella Carwash1"". The area appears to be an open lot or a facility that does not feature the visible structure of a tunnel car wash.",No
,ChIJFV2m4e7PwoARCRSGTIdmAEY.png,"Yes, the image shows a long rectangular structure with entry/exit points consistent with a tunnel wash facility.",Yes
,ChIJI6hchbzOwoARiPNWyHm9GRA.png,"Yes, the image shows a long rectangular building with visible entry and exit points, which indicates the presence of a tunnel wash facility.",Yes
,ChIJLywCJ77OwoARHWYGZEVjWr8.png,"Yes, the Pacific Car Wash facility shown in the image appears to have a tunnel wash facility. The main building is a long, rectangular structure with visible entry and exit points that suggest a drive-through car wash tunnel.",Yes
,matching_results.txt,"Total competitors found in CSV: 0

Competitors not found in CSV:
Atlantic Express Car Wash
Jack's Car Wash & Detailing
Quickly Clean Express Car Wash
El Plebe Car Wash Auto Detail
Bella_Carwash1
Pacific Car Wash
Bellwood Auto Body",
AutoBrite_Express__211_N_Cooper_Dr__Henderson__NC__27536,ChIJ3eCg5RC9rYkR1nrt1g3XVwo.png,"No, based on the satellite image, the structure shown appears to have bays typical of a self-serve or in-bay automatic car wash, not a tunnel wash facility. A tunnel wash would be a longer, drive-through structure.",No
,ChIJE67lK5a8rYkR33BsDTIKhT0.png,"Yes, the image shows a long, rectangular structure that appears to be a car wash tunnel, with cars lined up at the entrance and an exit visible.",Yes
,ChIJp6_lK5a8rYkRxwiUlJpVoa8.png,"Yes, the image shows a rectangular building structure associated with the ""Autobright Car Wash"" which appears to be a tunnel wash facility with clear entry and exit points for vehicles.",Yes
,ChIJqzrUmuu8rYkR5HfUbn-D0tA.png,"No,",No
,matching_results.txt,"Total competitors found in CSV: 0

Competitors not found in CSV:
AutoBrite Car Washes, Inc.
Amoco
Sheetz
Amoco
Autobright Car Wash",
Auto_Paradise_Car_Wash__1402_E_Vine_St__Kissimmee__FL__34744,ChIJJ5o0fVeH3YgR5RkGg3e5q_w.png,"No,",No
,ChIJf6WswCuE3YgRQ1jbdO2HTJg.png,"Yes, the image shows a large rectangular building with clear drive-through lanes and entry/exit points labeled as ""Auto Paradise Car Wash,"" which indicates the presence of a tunnel wash facility.",Yes
,ChIJnXm1suSD3YgRDtYr7dLUktg.png,"No,",No
,matching_results.txt,"Total competitors found in CSV: 0

Competitors not found in CSV:
Auto Paradise Car Wash
Amoco
Krazy Vern's Car Wash",
Auto_Suds_Express_West__25th_North_25th_St.__Lebanon__PA__17042,ChIJa-JD_oypyIkRRnJAe1YL_Yw.png,"Yes, the image shows a rectangular building with apparent entry and exit points, consistent with a tunnel wash facility.",Yes
,ChIJgzil-L0CxokRQxurTosbCRE.png,"Yes, the image shows a building that appears to be a tunnel car wash. It is a long, rectangular structure with apparent entry and exit points for vehicles.",Yes
,ChIJi_y6kokDxokRFSbz4CMgaPY.png,"Yes, the image shows a rectangular structure that appears to be a tunnel wash facility.",Yes
,matching_results.txt,"Total competitors found in CSV: 0

Competitors not found in CSV:
AutoSuds West Car Wash
Sheetz
16th Street Car Wash",
Autobahn_Auto_Care_Center__3928_W_Clearwater_Ave__Kennewick__WA__99336,ChIJ2ZtOwBx5mFQRIK6DzxnFkVk.png,"Yes, the image shows a structure that fits the description of a tunnel wash facility with a clear drive-through lane for cars.",Yes
,ChIJ5V6vqwh5mFQRpyo6OzsQORw.png,"Yes, there is a tunnel wash facility visible in the image. The long, rectangular structure labeled ""Shell"" is likely a tunnel car wash.",Yes
,ChIJ8UWF12R5mFQRK0AjaLyNbqA.png,"Yes, the car wash in the image appears to have a tunnel wash facility. The building labeled ""Circle K | Car Wash"" is a rectangular structure with clear entry and exit points for cars, consistent with a tunnel car wash.",Yes
,ChIJHzEnj7J5mFQRtvjQhD5L3kY.png,"Yes, the image shows a rectangular building with clear entry and exit points labeled ""Car Wash"", which is consistent with a tunnel wash facility.",Yes
,ChIJO3W1km95mFQRoNauRLl1Ffw.png,"No,",No
,ChIJR3QJSgh5mFQRdGnbFfTcjDg.png,"No,",No
,ChIJXebMcwV5mFQRK73mMD1wmeM.png,"Yes, based on the satellite image showing a long, rectangular building with visible entry and exit points, the car wash appears to have a tunnel wash facility.",Yes
,ChIJc5ZoJiR5mFQRkgHInDbvmhs.png,"No, I do not see any evidence of a car wash facility with a tunnel structure in this satellite image. The image appears to show car dealerships and auto repair/rescue businesses.",No
,ChIJlRfe-HR5mFQRkIE9xjudNIE.png,"Yes, the image shows a building that appears to be a tunnel car wash facility. It is an elongated structure with openings at both ends for vehicles to drive through.",Yes
,ChIJqRn9xx55mFQRbJB3TUsY1TU.png,"No,",No
,matching_results.txt,"Total competitors found in CSV: 1

Competitors found in CSV:
Mister Car Wash

Competitors not found in CSV:
Autobahn Auto Care Center
Shell
Trusted Touch
WASHWORKS TRI CITIES III LLC
U-Wash Self Sevice Car Wash
Auto Spa
North Volland Car Wash
Circle K | Car Wash
Car Wash
Jiffy Car Wash Inc",
Autobahn_Express__1225_Guyer_Ave__Richland__WA__99352,ChIJ1RPAbtN6mFQRrheeTWiaft0.png,"Yes, the satellite image shows a long, rectangular building with apparent entry and exit points for vehicles, consistent with a tunnel wash facility.",Yes
,ChIJ3TyfFdF6mFQRS2Gh6PJw24Q.png,"Yes, based on the satellite image, the car wash facility has a rectangular structure that appears to be a tunnel wash, consistent with the description provided.",Yes
,ChIJ3f_2JmN7mFQR0ERqzCFnMkc.png,"No, based on the satellite image, the facility appears to have multiple in-bay wash areas rather than a single continuous tunnel wash facility.",No
,ChIJTxI3YcB6mFQRULElXFquRw8.png,"Yes, the image shows a rectangular structure with what appears to be an entrance, consistent with a tunnel car wash facility.",Yes
,ChIJdbkEv796mFQRFCEpm0oz7ns.png,"Yes, based on the presence of a long, rectangular building structure with apparent entry and exit points suitable for vehicles to drive through, consistent with a car wash tunnel, the facility likely has a tunnel wash.",Yes
,ChIJe5oiZQx7mFQRpyCEzmen-dw.png,"Yes, the image shows rectangular structures consistent with tunnel car wash bays, indicating it has a tunnel wash facility.",Yes
,matching_results.txt,"Total competitors found in CSV: 0

Competitors not found in CSV:
Autobahn Express
Circle K | Car Wash
Circle K
Conoco
Lee Boulevard Car Wash
Van Giesen Car Wash",
_StoneWash__Car_Care_Center__818_Paris_Rd__Mayfield__KY__42066,ChIJ9eEpUdQxeogRFMXJZ9OhN2c.png,"No,",No
,ChIJL0irlyoweogRLKfGl0zH7y4.png,"No, based on the satellite image, there is no visible structure that clearly indicates a tunnel wash facility. The primary car wash building does not appear to have a long, rectangular drive-through tunnel structure.",No
,ChIJP4czgyoweogRwvkgFMe5lIY.png,"Yes, the image shows a long, rectangular building with apparent entry and exit points, which is characteristic of a tunnel wash facility.",Yes
,ChIJlbBed9AveogRNEYttEDgrPk.png,"No, there is no structure visible in the image that resembles a tunnel wash facility with clear entry and exit points for a car to drive through. The visible structures appear to be buildings and possibly individual wash bays.",No
,ChIJm8RtztAxeogRfLwarWRU18g.png,"No, based on the provided satellite image, there is no visible structure or label indicating a car wash facility, let alone a tunnel wash.",No
,matching_results.txt,"Total competitors found in CSV: 0

Competitors not found in CSV:
STONEWASH CAR CARE CENTER
Rainbo Car Wash
Shell
Macie's Auto Spa
Auto Works Window Tinting",
