Company Name,Headquarters,Established Date,Site Count,Financial Sponsor,States,Website,,,,,,,,,,,,,,,,,,,
Whistle Express Car Wash,North Carolina,2014,530,Oaktree Capital Management LP,South Carolina | North Carolina | Georgia | Florida | Virginia | Ohio | Alabama | Tennessee | Kentucky | Indiana | Alaska | Arkansas | Colorado | Illinois | Kansas | Louisiana | Michigan | Mississippi | Missouri | New Mexico | Oklahoma | Texas | Utah | West Virginia | Wisconsin,https://whistleexpresscarwash.com/,,,,,,,,,,,,,,,,,,,
Mister Car Wash,Arizona,1969,501,Publicly Traded,Texas | Florida | Arizona | Utah | Pennsylvania | Georgia | New Mexico | Minnesota | Michigan | Washington | Alabama | California | Wisconsin | Missouri | Idaho | Tennessee | Iowa | Maryland | Colorado | Mississippi | Illinois,https://mistercarwash.com/,,,,,,,,,,,,,,,,,,,
Tidal Wave Auto Spa,Georgia,1999,290,Golden Gate Capital,Montana | North Dakota | Nebraska | Minnesota | Iowa | Ohio | Kentucky | Oklahoma | Tennessee | Virginia | North Carolina | Georgia | Florida | Alabama | Mississippi | Texas | New York | Kansas | Idaho | Illinois | Indiana | Michigan | New Mexico | Pennsylvania | West Virginia | Wisconsin | Missouri | Arkansas | South Dakota,https://www.tidalwaveautospa.com/,,,,,,,,,,,,,,,,,,,
Quick Quack Express Car Wash,California,2004,275,KKR,Texas | Colorado | Utah | Arizona | California,https://www.dontdrivedirty.com/,,,,,,,,,,,,,,,,,,,
Club Car Wash,Missouri,2006,213,Wildcat Capital Management,Texas | Oklahoma | Kansas | Arkansas | Missouri | Iowa | Nebraska | Wisconsin | Colorado | Illinois,https://clubcarwash.com/,,,,,,,,,,,,,,,,,,,
Tommy�s Express Car Wash,Michigan,2011,206,None,Florida | Georgia | South Carolina | North Carolina | Louisiana | Tennessee | Mississippi | Virginia | Kentucky | Maryland | Indiana | Arkansas | Delaware | Texas | Pennsylvania | Missouri | Oklahoma | Michigan | Illinois | Iowa | Kansas | New York | Wisconsin | Nebraska | Minnesota | Colorado | South Dakota | North Dakota | Wyoming | Utah | Nevada | Idaho | California | Alaska | Washington,https://tommys-express.com/,,,,,,,,,,,,,,,,,,,
Spotless Brands,Illinois,2019,205,Access Holdings,Arizona | Colorado | Oklahoma | Maryland | Tennessee | Virginia | West Virginia,https://www.spotlessbrands.com/,,,,,,,,,,,,,,,,,,,
GO Car Wash,Colorado,2019,154,Imperial Capital,Kansas | Missouri | Nevada | New York | Texas | Virginia | California,https://gocarwash.com/,,,,,,,,,,,,,,,,,,,
Mammoth Holdings LLC,Georgia,2002,150,Red Dog Equity and CCMP Growth Advisors,Georgia | Alabama | Kentucky | Illinois | Utah | South Carolina | Mississippi | Louisiana | Tennessee | North Dakota | Iowa | Florida | Minnesota | Missouri | South Dakota | Texas | West Virginia,https://mammothholdings.com/,,,,,,,,,,,,,,,,,,,
WhiteWater Express Car Wash,Texas,2015,130,Freeman Spogil & Co.,Texas | Oklahoma | Louisiana | Kentucky | Ohio | Michigan,https://www.whitewatercw.com/,,,,,,,,,,,,,,,,,,,
ModWash,Tennessee,2020,120,Hutton,Alabama | Florida | Georgia | Maryland | New Jersey | North Carolina | Ohio | Pennsylvania | South Carolina | Tennessee | Virginia | Delaware,https://www.modwash.com/,,,,,,,,,,,,,,,,,,,
Express Wash Concepts,Ohio,2018,115,Wildcat Capital Management,Ohio | Virginia | Pennsylvania | North Carolina | Indiana | Michigan,https://www.expresswashconcepts.com/,,,,,,,,,,,,,,,,,,,
Super Star Car Wash,Arizona,1993,112,TSG Consumer Partners,Arizona | California | Colorado | Texas,https://www.superstarcarwashaz.com/,,,,,,,,,,,,,,,,,,,
Autobell Car Wash,North Carolina,1969,91,None,North Carolina | South Carolina | Maryland | Virginia,https://www.autobell.com/,,,,,,,,,,,,,,,,,,,
LUV Car Wash,Arizona,2021,74,Susquehanna Private Capital,Florida | Georgia | California | Nevada | Pennsylvania,https://luvcarwash.com/,,,,,,,,,,,,,,,,,,,
Summit Wash Holdings,Connecticut & Florida,2022,71,New Mountain Capital,New York | Nebraska | Connecticut | Missouri | Florida,https://www.summitwashassociates.com/,,,,,,,,,,,,,,,,,,,
True Blue Car Wash,Arizona,2016,68,Circle K,Arizona | Illinois | Indiana | Texas,https://truebluecw.com/,,,,,,,,,,,,,,,,,,,
Splash Car Wash,Connecticut,1981,65,Palladin Consumer Retail Partners,Connecticut | New York | Vermont | Massachusetts,https://splashcarwashes.com/,,,,,,,,,,,,,,,,,,,
Caliber Car Wash,Georgia,2019,64,Percheron Capital,Alabama | Florida | Georgia | North Carolina | South Carolina | Texas,https://calibercarwash.com/,,,,,,,,,,,,,,,,,,,
BlueWave Express Car Wash,Texas,2007,63,None,Texas | California,https://bluewaveexpress.com/,,,,,,,,,,,,,,,,,,,
El Car Wash,Florida,2010,62,Warburg Pincus,Florida,https://elcarwash.com/,,,,,,,,,,,,,,,,,,,
Splash in ECO Car Wash,,,59,None,,,,,,,,,,,,,,,,,,,,,
Golden Nozzle Car Wash,Massachusetts,1970,58,Nouria Energy,Connecticut | Maine | Massachusetts | New Hampshire | Rhode Island,https://goldennozzlecarwash.com/,,,,,,,,,,,,,,,,,,,
Champion Xpress Carwash,Texas,2015,54,None,New Mexico | Colorado | Iowa | Illinois | Texas,https://champxpress.com/,,,,,,,,,,,,,,,,,,,
Crew Carwash,Indiana,1948,50,None,Indiana | Minnesota,https://crewcarwash.com/,,,,,,,,,,,,,,,,,,,
Sam's Xpress Car Wash,North Carolina,2012,50,None,North Carolina | Virginia | South Carolina,https://samsxpresscarwash.com/,,,,,,,,,,,,,,,,,,,
Jax Kar Wash,Michigan,1953,47,TRP Capital Partners,Michigan | Indiana,https://www.jaxkarwash.com,,,,,,,,,,,,,,,,,,,
Terrible Herbst,Nevada,1959,47,None,Nevada | California | Arizona | Utah,https://www.terribles.com/,,,,,,,,,,,,,,,,,,,
Big Dan's Car Wash,Georgia,2020,45,Shadday Family Office,Alabama | Florida | Georgia | South Carolina,https://www.bigdanscarwash.com/,,,,,,,,,,,,,,,,,,,
Mr. Clean Car Wash,Georgia,1988,45,Corporate Backed or Acquired,Georgia | Florida,https://www.mrcleancarwash.com/,,,,,,,,,,,,,,,,,,,
Raceway Express Car Wash,Arizona,2009,45,Clear Sky Capital,Arizona | California | Nevada | Texas,https://racewaycarwash.com/,,,,,,,,,,,,,,,,,,,
Sparkling Image Car Wash,Florida,1995,42,Wash Depot Holdings,California | Florida | Indiana | Massachusetts | New Hampshire | Tennessee | Texas,https://www.sparklingimage.com/,,,,,,,,,,,,,,,,,,,
Wash N' Roll,Tennessee,2013,42,None,Tennessee | Alabama | Indiana | Georgia,https://www.mywashnroll.com/,,,,,,,,,,,,,,,,,,,
Rich's Car Wash,Alabama,1976,41,None,Alabama | Florida | Georgia | Louisiana | Mississippi | Texas,https://www.richscarwash.com/,,,,,,,,,,,,,,,,,,,
Mike's Car Wash,Ohio,1948,40,None,Kentucky | Ohio | Indiana,https://www.mikescarwash.com/,,,,,,,,,,,,,,,,,,,
Surf Thru Express Car Wash,California,2011,36,None,Texas | Oregon | Arizona | California | Washington,,,,,,,,,,,,,,,,,,,,
Watershed Carwash,Texas,,36,None,Texas | Oklahoma | Arizona,https://watershedcarwash.com/,,,,,,,,,,,,,,,,,,,
WetGo Car Wash,Pennsylvania,2020,35,Giant Eagle,Pennsylvania | Ohio,http://unlimited.getgocafe.com,,,,,,,,,,,,,,,,,,,
Delta Sonic,New York,1967,32,None,New York | Illinois | Pennsylvania,https://www.deltasoniccarwash.com/,,,,,,,,,,,,,,,,,,,
The Wash Tub,Texas,1986,31,None,Texas,https://www.washtub.com/,,,,,,,,,,,,,,,,,,,
Gas N Wash,Illinois,2013,30,Bow River Capital,Illinois,https://www.gasnwash.net/,,,,,,,,,,,,,,,,,,,
Hurricane Express Wash,South Carolina,2015,30,PassiveInvesting.com,Tennessee | South Carolina | North Carolina | Florida | Maryland | Virginia | Alabama,https://www.hurricanewash.com/,,,,,,,,,,,,,,,,,,,
Brown Bear Car Wash,Washington,1957,29,None,Washington,https://www.brownbear.com/,,,,,,,,,,,,,,,,,,,
Waterway Carwash,Missouri,1970,29,None,Kansas | Montana | Colorado | Illinois | Ohio,https://www.waterway.com/,,,,,,,,,,,,,,,,,,,
Hoffman Car Wash,New York,1965,28,None,New York,https://www.hoffmancarwash.com/,,,,,,,,,,,,,,,,,,,
Quick N Clean,Arizona,1992,27,None,Arizona | Colorado | Oklahoma | Texas,https://quicknclean.net/,,,,,,,,,,,,,,,,,,,
ClearWater Express Wash,Texas,2021,26,None,Texas,https://www.clearwaterexpresswash.com,,,,,,,,,,,,,,,,,,,
Thoroughbred Express Auto Wash,Kentucky,2020,26,Freestone Capital,Indiana | Kentucky | Ohio | Oregon | West Virginia | Washington,https://thoroughbredexpress.com/,,,,,,,,,,,,,,,,,,,
Trademark Car Wash,Texas,2004,26,Princeton Equity Group / Accelerated Brands,Texas | Louisiana | Florida | New Mexico | Arizona | Tennessee | Michigan | Missouri,https://trademarkcarwash.com/,,,,,,,,,,,,,,,,,,,
Rocket Carwash,Nebraska,2000,25,City+Ventures,Nebraska | Pennsylvania | Texas | California | Iowa | Utah | Florida,https://rocketcarwash.com/,,,,,,,,,,,,,,,,,,,
Soapy Joe�s Car Wash,California,2011,25,None,California,https://soapyjoescarwash.com/,,,,,,,,,,,,,,,,,,,
Wash Masters Car Wash,Texas,2004,25,Victron Energy Company,Texas,https://washmasters.com/,,,,,,,,,,,,,,,,,,,
Washville Car Wash,New York,2019,25,Garnett Reynolds Holdings,New York | Massachusetts | Rhode Island | New Hampshire | Maine,https://washvillecarwash.com/,,,,,,,,,,,,,,,,,,,
Fast 5 Xpress Car Wash,California,,24,None,California,https://www.fast5xpress.com/,,,,,,,,,,,,,,,,,,,
Glide XPRESS Car Wash,Tennessee,2018,24,None,Tennessee | Missouri | Arkansas | Mississippi,https://www.glidexwash.com/,,,,,,,,,,,,,,,,,,,
Prestige Car Wash,Massachusetts,1997,24,None,Massachusetts,https://www.prestigewash.com/,,,,,,,,,,,,,,,,,,,
Ultra Clean Express,Nevada,2021,24,Lindsay Goldberg,Arizona | Nevada,https://ultracleanexpress.com/,,,,,,,,,,,,,,,,,,,
Flagstop Car Wash,Virginia,1981,23,Garnet Station Partners,Virginia,https://www.flagstopcarwash.com/,,,,,,,,,,,,,,,,,,,
Mighty Wash,Texas,2012,23,None,Texas | New Mexico,https://mymightywash.com/,,,,,,,,,,,,,,,,,,,
Mr. Magic Car Wash,Pennsylvania,1959,23,Incline Equity Partners,Pennsylvania | West Virginia | Ohio,https://mrmagiccarwash.com/,,,,,,,,,,,,,,,,,,,
ScrubaDub Auto Wash Centers,Massachusetts,1966,23,None,Massachusetts | Rhode Island | Maine | New Hampshire,https://www.scrubadub.com/,,,,,,,,,,,,,,,,,,,
Splash Car Wash & Oil Change,Arkansas,1981,22,None,Arkansas,https://cleancarfast.com,,,,,,,,,,,,,,,,,,,
Woodie's Wash Shack,Florida,2019,22,None,Florida,https://www.woodieswash.com/,,,,,,,,,,,,,,,,,,,
WOW Carwash,Nevada,2016,22,"Garnett Station Partners, LLC",Nevada,https://wowwash.com/,,,,,,,,,,,,,,,,,,,
Carnation Auto Spa,Texas,2021,21,Iron Skillet Partners,Texas,https://carnationautospa.com/,,,,,,,,,,,,,,,,,,,
Dirty Dog�s Car Wash,Georgia,2019,21,Cynosure Group,Alabama | Florida | Georgia,https://dirtydogscarwash.com/,,,,,,,,,,,,,,,,,,,
Tagg-N-Go,Utah,2016,21,None,Utah | Nevada | Idaho,https://taggngo.com/,,,,,,,,,,,,,,,,,,,
Drive & Shine Car Wash,Indiana,1997,20,None,Indiana | Michigan,https://driveandshine.com/,,,,,,,,,,,,,,,,,,,
Flash Car Wash,Connecticut,2012,20,None,Connecticut | Massachusetts | Rhode Island,https://flashcarwashes.com/,,,,,,,,,,,,,,,,,,,
Sgt. Clean�s Car Wash,Ohio,2013,20,None,Ohio,https://sgtclean.com/,,,,,,,,,,,,,,,,,,,
TruShine Car Wash,Tennessee,2019,20,None,Tennessee | Virginia,https://www.trushinecarwash.com/,,,,,,,,,,,,,,,,,,,
Francis & Sons Car Wash,Arizona,1997,19,Acquired by Raceway Car Wash,Arizona,https://francisandsonscarwash.com/,,,,,,,,,,,,,,,,,,,
Fuller's Car Wash,Illinois,1960,19,None,Illinois,https://fullerscarwash.com/,,,,,,,,,,,,,,,,,,,
Shiny Shell Car Wash,Utah,2012,19,None,Utah | Pennsylvania | Maryland,https://www.shinyshell.com/,,,,,,,,,,,,,,,,,,,
Washman Car Washes,Oregon,1995,19,None,Oregon,https://www.washmanusa.com/,,,,,,,,,,,,,,,,,,,
Bubble Down Car Wash,Florida,2020,18,Locally Owned,Florida,https://bubbledown.com/,,,,,,,,,,,,,,,,,,,
Elephant Super Car Wash,Washington,1951,18,None,Washington,https://elephantcarwash.com/,,,,,,,,,,,,,,,,,,,
Kaady Car Wash,Oregon,1976,18,None,Oregon | Washington | California,https://kaady.com/,,,,,,,,,,,,,,,,,,,
Ronny's Car Wash,Florida,,18,None,Florida | Alabama,https://ronnyscarwash.net/,,,,,,,,,,,,,,,,,,,
Big Peach Car Wash,Georgia,2021,17,None,Georgia | Tennessee | Florida,https://www.bigpeachusa.com/,,,,,,,,,,,,,,,,,,,
Bliss Car Wash,California,2019,17,None,California,https://blisscarwash.com/,,,,,,,,,,,,,,,,,,,
Buddy Bear Car Wash,Illinois,1982,17,None,Illinois,https://buddybearcarwash.com/,,,,,,,,,,,,,,,,,,,
Fast Eddie's Car Wash & Oil Change,Michigan,1977,17,None,Michigan,https://www.fasteddiescarcare.com/,,,,,,,,,,,,,,,,,,,
Gate Express Car Wash,Florida,2017,17,None,Florida,https://gateexpresscarwash.com/,,,,,,,,,,,,,,,,,,,
Zax Auto Wash,Michigan,2015,17,None,Michigan,https://zaxautowash.com/,,,,,,,,,,,,,,,,,,,
Haffner's,Massachusetts,1995,16,None,Massachusetts | New Hampshire,https://haffners.com/,,,,,,,,,,,,,,,,,,,
Rainforest Carwash & Oil Change,Louisiana,1993,16,None,Louisiana | Mississippi,https://rainforestclean.com/,,,,,,,,,,,,,,,,,,,
Shammy Shine Car Washes,New Jersey,1976,16,None,New Jersey | Pennsylvania,https://www.shammyshine.com/,,,,,,,,,,,,,,,,,,,
Car Spa,Texas,1999,15,None,Florida | Georgia | Texas | Virginia,https://carspa.net/,,,,,,,,,,,,,,,,,,,
Mach-1 Express Wash,Alabama,2018,15,None,Alabama | Georgia | North Carolina | Pennsylvania | Ohio | Delaware | New Jersey | Michigan,https://www.mach1expresswash.com/,,,,,,,,,,,,,,,,,,,
Ridi Stores,,,15,None,,,,,,,,,,,,,,,,,,,,,
Rocky Mountain Car Wash,Montana,2001,15,None,Wyoming | Montana,https://rockymountaincarwash.com/,,,,,,,,,,,,,,,,,,,
Breeze Thru Car Wash,Colorado,2007,14,None,Colorado | Wyoming,https://breezethrucarwash.com/,,,,,,,,,,,,,,,,,,,
Carriage House Car Wash,Ohio,2019,14,Tire Discounters,Ohio | Indiana,https://carriagehousecarwash.com/,,,,,,,,,,,,,,,,,,,
EDGE Express Car Wash,North Carolina,2020,14,None,North Carolina | South Carolina | Virginia,https://www.edgeexpresscarwash.com/,,,,,,,,,,,,,,,,,,,
Metro Express Car Wash,Idaho,1969,14,None,Idaho | Montana | Washington | Colorado | California | Missouri | Arizona | Kansas,https://www.metroexpresscarwash.com/,,,,,,,,,,,,,,,,,,,
Pelican Pointe Car Wash,Louisiana,,14,None,Louisiana,https://www.pelicanpointecarwash.com/,,,,,,,,,,,,,,,,,,,
The Auto Spa,Maryland,1987,14,None,Maryland | Pennsylvania,https://www.washluberepair.com/,,,,,,,,,,,,,,,,,,,
Valet Auto Wash,New Jersey,1994,14,None,New Jersey | New York | Pennsylvania,https://valetwash.com/,,,,,,,,,,,,,,,,,,,
All American Car Wash,Texas,1997,13,"Racer Classic Investments, LLC",Texas | Oklahoma,https://www.allamericancarwash.biz/,,,,,,,,,,,,,,,,,,,
Charlie�s Car Wash,Kansas,1981,13,None,Missouri | Kansas | Oklahoma,https://charlies.com/,,,,,,,,,,,,,,,,,,,
iShine Express Car Wash & Detail,Texas,,13,None,Texas,https://ishinecarwash.com/,,,,,,,,,,,,,,,,,,,
Jacksons,Arizona,1980,13,None,Arizona,https://jacksonswash.com/,,,,,,,,,,,,,,,,,,,
Speedy Stop Car Wash,Texas,1983,13,None,Texas,https://speedystop.com/,,,,,,,,,,,,,,,,,,,
Team Car Wash,New Jersey,2020,13,None,New Jersey,https://theteamcarwash.com/,,,,,,,,,,,,,,,,,,,
Wash-Rite Express Car Wash,Georgia,2021,13,Bradham Capital Holdings,Ohio | Pennsylvania | West Virginia,https://www.wash-riteunlimited.com,,,,,,,,,,,,,,,,,,,
WashU Car Wash,Illinois,2019,13,Peterson Partners,Illinois | Nevada,https://www.washucarwash.com/,,,,,,,,,,,,,,,,,,,
White Horse Auto Wash,Virginia,2010,13,None,Virginia | South Carolina,https://www.whitehorseautowash.com/,,,,,,,,,,,,,,,,,,,
Fast Splash Car Wash,Michigan,1914,12,None,Michigan,https://www.fastsplashcarwash.com/,,,,,,,,,,,,,,,,,,,
Hang 10 Car Wash,Virginia,2023,12,None,Florida | New Jersey | South Carolina | Virginia,https://hang10carwash.com/,,,,,,,,,,,,,,,,,,,
Raindrop Car Wash,Alabama,2017,12,None,Alabama,https://raindropcarwash.com/,,,,,,,,,,,,,,,,,,,
RocketFast Car Wash,Louisiana,2013,12,None,Louisiana | Arkansas | Texas,https://www.rocketfastcarwash.com/,,,,,,,,,,,,,,,,,,,
Super Clean Car Wash,California,1990,12,None,California,https://supercleanmycar.com/,,,,,,,,,,,,,,,,,,,
Time To Shine Car Wash,Tennessee,2000's,12,None,Oklahoma | South Carolina | Kentucky,https://timetoshinecarwash.com/,,,,,,,,,,,,,,,,,,,
WashX Car Wash,Maryland,2023,12,None,Maryland | Delaware,https://washx.space/,,,,,,,,,,,,,,,,,,,
Xtreme Auto Wash,Oklahoma,2006,12,None,Oklahoma,https://www.xtremeautowash.com/,,,,,,,,,,,,,,,,,,,
7 Flags Car Wash,California,1964,11,None,California,https://7flagscarwash.com/,,,,,,,,,,,,,,,,,,,
Cheetah Clean Auto Wash,Kentucky,2007,11,None,Kentucky | Tennessee,https://cheetahclean.com/,,,,,,,,,,,,,,,,,,,
Ducky's Car Wash,California,1993,11,None,California,https://duckysexpress.com/,,,,,,,,,,,,,,,,,,,
Groove Car Wash,Texas,2022,11,Vaquero Ventures,Texas | Florida | Oklahoma,https://www.groovecarwash.com/,,,,,,,,,,,,,,,,,,,
Mr Wash Car Wash,Virginia,,11,None,Virginia | Maryland | Delaware,https://mrwash.com/,,,,,,,,,,,,,,,,,,,
Red Carpet Car Wash,California,1950,11,None,California,https://www.redcarpetcarwash.com/,,,,,,,,,,,,,,,,,,,
Scrub-a-Dub,Wisconsin,1947,11,None,Wisconsin,https://scrubadub.biz/,,,,,,,,,,,,,,,,,,,
Shine Time Super Wash,Alabama,2007,11,None,Alabama | Mississippi,https://www.shinetimesuperwash.com/,,,,,,,,,,,,,,,,,,,
Tsunami Express,Oregon,2015,11,Point72 Ventures,Wisconsin | Indiana | Minnesota,https://www.tsunamiexpress.com/,,,,,,,,,,,,,,,,,,,
Wash Factory Car Wash,Georgia,2011,11,None,Georgia | Tennessee,https://www.washfactorycarwash.com/,,,,,,,,,,,,,,,,,,,
Xpress Car Wash,Louisiana,,11,None,Louisiana | Texas,https://timeitxpresswash.com/,,,,,,,,,,,,,,,,,,,
Blue Penguin Car Wash,Georgia,2022,10,None,Georgia | Florida,https://www.bluepenguincarwash.com/,,,,,,,,,,,,,,,,,,,
BriteworX Car Washery,Missouri,2016,10,None,Missouri | Illinois,https://briteworx.com/,,,,,,,,,,,,,,,,,,,
Clean Sweep Car Wash,Kentucky,1993,10,None,Illinois | Iowa | Kentucky,https://cleansweepcarwash.com/,,,,,,,,,,,,,,,,,,,
Cloud 10 Smartwash,Connecticut,2018,10,None,Pennsylvania | New Jersey,https://cloud10smartwash.com/,,,,,,,,,,,,,,,,,,,
Everclean Car Wash,Illinois,2019,10,None,Illinois,https://evercleancw.com/,,,,,,,,,,,,,,,,,,,
Scenic Suds Car Wash,Tennessee,2018,10,None,Tennessee | Georgia,https://www.scenicsuds.com/,,,,,,,,,,,,,,,,,,,
Scrubby�s Car Wash,South Carolina,2015,10,None,South Carolina | North Carolina,https://scrubbyscarwashes.com/,,,,,,,,,,,,,,,,,,,
Skweeky Kleen Car Wash,Georgia,2005,10,None,Georgia,https://www.skweekykleen.com/,,,,,,,,,,,,,,,,,,,
SpeedWash Car Wash,Kentucky,1999,10,None,Kentucky | Indiana,https://speedwashusa.com/,,,,,,,,,,,,,,,,,,,
Suds Deluxe Car Wash,Texas,2019,10,None,Texas,https://www.sudsdeluxe.com/,,,,,,,,,,,,,,,,,,,
WashGuys Car Wash,Texas,2009,10,None,Texas,https://washguystx.com/,,,,,,,,,,,,,,,,,,,
Auto Spa Car Wash (WA),Washington,2002,9,None,Washington,https://www.autospacw.com,,,,,,,,,,,,,,,,,,,
Benny�s Car Wash,Louisiana,1951,9,None,Louisiana,https://www.bennyscarwash.com/,,,,,,,,,,,,,,,,,,,
Driven Car Wash,Illinois,2021,9,None,Illinois,https://drivencarwash.com/,,,,,,,,,,,,,,,,,,,
Fabulous Freddy�s Car Wash,Nevada,1998,9,None,Nevada | Utah,https://fabfred.com/,,,,,,,,,,,,,,,,,,,
Jet Splash Car Wash,Nebraska,2003,9,None,Nebraska,https://jetsplash.com,,,,,,,,,,,,,,,,,,,
Radiant Express Car Wash,Florida,1931,9,None,Florida,https://www.radiantexpresscarwash.com/,,,,,,,,,,,,,,,,,,,
Velocity Car Wash,Colorado,2021,9,None,Colorado | Utah,https://www.velocitywash.com/,,,,,,,,,,,,,,,,,,,
Auto Spa LA,Louisiana,1998,8,None,Louisiana,https://autospala.com/,,,,,,,,,,,,,,,,,,,
Clearwave Car Wash,Illinois,2016,8,None,Illinois | Michigan,https://clearwavecarwash.com/,,,,,,,,,,,,,,,,,,,
Ocean Blue Car Wash,Arizona,2004,8,None,Arizona,https://oceanbluecarwash.com/,,,,,,,,,,,,,,,,,,,
Snap Clean Car Wash,Texas,2017,8,None,Texas,https://snapcleancarwash.com/,,,,,,,,,,,,,,,,,,,
Speedwash,California,2014,8,None,California,https://www.speedwashes.com/,,,,,,,,,,,,,,,,,,,
Sud Stop Car Wash,Florida,2024,8,Real Capital Partners,Florida | Georgia | Alabama | North Carolina | South Carolina,https://www.sudstopcarwash.com/,,,,,,,,,,,,,,,,,,,
Ace Auto Wash,Michigan,2018,7,None,Michigan,https://www.aceautowash.com/,,,,,,,,,,,,,,,,,,,
BlueBird Express Car Wash,Idaho,2018,7,None,Idaho | Oregon,https://bluebirdexpress.com,,,,,,,,,,,,,,,,,,,
Dream Clean Car Wash,Illinois,2023,7,None,Illinois,https://www.dreamcleancw.com/,,,,,,,,,,,,,,,,,,,
H2Go Car Wash,California,2010,7,Privately Owned,California,https://h2gocarwash.com/,,,,,,,,,,,,,,,,,,,
Pony Express Carwash,Idaho,2018,7,None,Idaho,https://ponycarwash.com/,,,,,,,,,,,,,,,,,,,
Washtopia Car Wash,Tennessee,2016,7,None,Tennessee,https://washtopia.com/,,,,,,,,,,,,,,,,,,,
American Pride Xpress Carwash,North Carolina,1981,6,None,North Carolina,https://americanpridexpress.com/,,,,,,,,,,,,,,,,,,,
Canton Car Wash,Maryland,2009,6,None,Maryland,https://cantoncarwash.com/,,,,,,,,,,,,,,,,,,,
Endless Clean Car Wash,Texas,,6,None,Texas,https://endlesscleancarwash.com/,,,,,,,,,,,,,,,,,,,
Mr. Sparkle Car Wash,Connecticut,1966,6,None,Connecticut | Massachusetts | New Jersey,https://www.mrsparklecarwash.com/,,,,,,,,,,,,,,,,,,,
Mr. Splash Car Wash,Wisconsin,2010,6,Argosy Private Equity,Wisconsin,https://mrsplashcarwash.com/,,,,,,,,,,,,,,,,,,,
Pete's Express Car Wash,Pennsylvania,2006,6,None,Pennsylvania,https://petesexpresscarwash.com/,,,,,,,,,,,,,,,,,,,
RaceWash,Florida,2010,6,None,Florida | Indiana | Kentucky,https://racewash.com/,,,,,,,,,,,,,,,,,,,
Screaming Eagle  Express Car Wash,Tennessee,2023,6,None,Tennessee,https://www.screamingeagleexpress.com/,,,,,,,,,,,,,,,,,,,
Shur-Kleen Car Wash,Washington,1985,6,None,Washington,https://www.shurkleencarwash.com/,,,,,,,,,,,,,,,,,,,
Spin Car Wash,Florida,2018,6,None,Florida,https://spincarwash.com/,,,,,,,,,,,,,,,,,,,
Supershine Xpress Carwash,Georgia,2019,6,None,Georgia,https://supershinexpress.com/,,,,,,,,,,,,,,,,,,,
5 Minute Express Car Wash,Mississippi,2006,5,None,Mississippi,https://5minuteexpresscarwash.com/,,,,,,,,,,,,,,,,,,,
Cadillac Express Car Wash,Texas,2012,5,None,Texas,https://www.cadillacexpresscarwash.com/,,,,,,,,,,,,,,,,,,,
Fast Freddy�s Car Wash,Kentucky,2018,5,None,Kentucky,https://fastfreddyscarwashes.com/,,,,,,,,,,,,,,,,,,,
FullSpeed Automotive,Colorado,,5,None,New Mexico | Texas,https://fullspeedautomotive.com/,,,,,,,,,,,,,,,,,,,
Magic Brush Car Wash,California,2021,5,None,California,https://www.magicbrushexpress.com/,,,,,,,,,,,,,,,,,,,
Soapy Noble Car Wash,Connecticut,2022,5,None,Connecticut | Massachusetts,https://soapynoble.com/,,,,,,,,,,,,,,,,,,,
Waves Express Car Wash,South Carolina,2017,5,None,South Carolina,https://wavesexpresswash.com/,,,,,,,,,,,,,,,,,,,
Four Seasons Car Wash,,,4,None,,,,,,,,,,,,,,,,,,,,,
,,,,,,,,,,,,,,,,,,,,,,,,,
,,,,,,,,,,,,,,,,,,,,,,,,,
,,,,,,,,,,,,,,,,,,,,,,,,,
,,,,,,,,,,,,,,,,,,,,,,,,,
,,,,,,,,,,,,,,,,,,,,,,,,,
,,,,,,,,,,,,,,,,,,,,,,,,,
,,,,,,,,,,,,,,,,,,,,,,,,,
,,,,,,,,,,,,,,,,,,,,,,,,,
,,,,,,,,,,,,,,,,,,,,,,,,,
,,,,,,,,,,,,,,,,,,,,,,,,,
,,,,,,,,,,,,,,,,,,,,,,,,,
,,,,,,,,,,,,,,,,,,,,,,,,,
,,,,,,,,,,,,,,,,,,,,,,,,,
,,,,,,,,,,,,,,,,,,,,,,,,,
,,,,,,,,,,,,,,,,,,,,,,,,,
,,,,,,,,,,,,,,,,,,,,,,,,,
,,,,,,,,,,,,,,,,,,,,,,,,,
,,,,,,,,,,,,,,,,,,,,,,,,,
,,,,,,,,,,,,,,,,,,,,,,,,,
,,,,,,,,,,,,,,,,,,,,,,,,,
,,,,,,,,,,,,,,,,,,,,,,,,,
,,,,,,,,,,,,,,,,,,,,,,,,,
,,,,,,,,,,,,,,,,,,,,,,,,,
,,,,,,,,,,,,,,,,,,,,,,,,,
,,,,,,,,,,,,,,,,,,,,,,,,,
,,,,,,,,,,,,,,,,,,,,,,,,,
,,,,,,,,,,,,,,,,,,,,,,,,,
,,,,,,,,,,,,,,,,,,,,,,,,,
,,,,,,,,,,,,,,,,,,,,,,,,,
,,,,,,,,,,,,,,,,,,,,,,,,,
,,,,,,,,,,,,,,,,,,,,,,,,,
,,,,,,,,,,,,,,,,,,,,,,,,,
,,,,,,,,,,,,,,,,,,,,,,,,,
,,,,,,,,,,,,,,,,,,,,,,,,,
,,,,,,,,,,,,,,,,,,,,,,,,,
,,,,,,,,,,,,,,,,,,,,,,,,,
,,,,,,,,,,,,,,,,,,,,,,,,,
,,,,,,,,,,,,,,,,,,,,,,,,,
,,,,,,,,,,,,,,,,,,,,,,,,,
,,,,,,,,,,,,,,,,,,,,,,,,,
,,,,,,,,,,,,,,,,,,,,,,,,,
,,,,,,,,,,,,,,,,,,,,,,,,,
,,,,,,,,,,,,,,,,,,,,,,,,,
,,,,,,,,,,,,,,,,,,,,,,,,,
,,,,,,,,,,,,,,,,,,,,,,,,,
,,,,,,,,,,,,,,,,,,,,,,,,,
,,,,,,,,,,,,,,,,,,,,,,,,,
,,,,,,,,,,,,,,,,,,,,,,,,,
,,,,,,,,,,,,,,,,,,,,,,,,,
,,,,,,,,,,,,,,,,,,,,,,,,,
,,,,,,,,,,,,,,,,,,,,,,,,,
,,,,,,,,,,,,,,,,,,,,,,,,,
,,,,,,,,,,,,,,,,,,,,,,,,,
,,,,,,,,,,,,,,,,,,,,,,,,,
,,,,,,,,,,,,,,,,,,,,,,,,,
,,,,,,,,,,,,,,,,,,,,,,,,,
,,,,,,,,,,,,,,,,,,,,,,,,,
,,,,,,,,,,,,,,,,,,,,,,,,,
,,,,,,,,,,,,,,,,,,,,,,,,,
,,,,,,,,,,,,,,,,,,,,,,,,,
,,,,,,,,,,,,,,,,,,,,,,,,,
,,,,,,,,,,,,,,,,,,,,,,,,,
,,,,,,,,,,,,,,,,,,,,,,,,,
,,,,,,,,,,,,,,,,,,,,,,,,,
,,,,,,,,,,,,,,,,,,,,,,,,,
,,,,,,,,,,,,,,,,,,,,,,,,,
,,,,,,,,,,,,,,,,,,,,,,,,,
,,,,,,,,,,,,,,,,,,,,,,,,,
,,,,,,,,,,,,,,,,,,,,,,,,,
,,,,,,,,,,,,,,,,,,,,,,,,,
,,,,,,,,,,,,,,,,,,,,,,,,,
,,,,,,,,,,,,,,,,,,,,,,,,,
,,,,,,,,,,,,,,,,,,,,,,,,,
,,,,,,,,,,,,,,,,,,,,,,,,,
,,,,,,,,,,,,,,,,,,,,,,,,,
,,,,,,,,,,,,,,,,,,,,,,,,,
,,,,,,,,,,,,,,,,,,,,,,,,,
,,,,,,,,,,,,,,,,,,,,,,,,,
,,,,,,,,,,,,,,,,,,,,,,,,,
,,,,,,,,,,,,,,,,,,,,,,,,,
,,,,,,,,,,,,,,,,,,,,,,,,,
,,,,,,,,,,,,,,,,,,,,,,,,,
,,,,,,,,,,,,,,,,,,,,,,,,,
,,,,,,,,,,,,,,,,,,,,,,,,,
,,,,,,,,,,,,,,,,,,,,,,,,,
,,,,,,,,,,,,,,,,,,,,,,,,,
,,,,,,,,,,,,,,,,,,,,,,,,,
,,,,,,,,,,,,,,,,,,,,,,,,,
,,,,,,,,,,,,,,,,,,,,,,,,,
,,,,,,,,,,,,,,,,,,,,,,,,,
,,,,,,,,,,,,,,,,,,,,,,,,,
,,,,,,,,,,,,,,,,,,,,,,,,,
,,,,,,,,,,,,,,,,,,,,,,,,,
,,,,,,,,,,,,,,,,,,,,,,,,,
,,,,,,,,,,,,,,,,,,,,,,,,,
,,,,,,,,,,,,,,,,,,,,,,,,,
,,,,,,,,,,,,,,,,,,,,,,,,,
,,,,,,,,,,,,,,,,,,,,,,,,,
,,,,,,,,,,,,,,,,,,,,,,,,,
,,,,,,,,,,,,,,,,,,,,,,,,,
,,,,,,,,,,,,,,,,,,,,,,,,,
,,,,,,,,,,,,,,,,,,,,,,,,,
,,,,,,,,,,,,,,,,,,,,,,,,,
,,,,,,,,,,,,,,,,,,,,,,,,,
,,,,,,,,,,,,,,,,,,,,,,,,,
,,,,,,,,,,,,,,,,,,,,,,,,,
,,,,,,,,,,,,,,,,,,,,,,,,,
,,,,,,,,,,,,,,,,,,,,,,,,,
,,,,,,,,,,,,,,,,,,,,,,,,,
,,,,,,,,,,,,,,,,,,,,,,,,,
,,,,,,,,,,,,,,,,,,,,,,,,,
,,,,,,,,,,,,,,,,,,,,,,,,,
,,,,,,,,,,,,,,,,,,,,,,,,,
,,,,,,,,,,,,,,,,,,,,,,,,,
,,,,,,,,,,,,,,,,,,,,,,,,,
,,,,,,,,,,,,,,,,,,,,,,,,,
,,,,,,,,,,,,,,,,,,,,,,,,,
,,,,,,,,,,,,,,,,,,,,,,,,,
,,,,,,,,,,,,,,,,,,,,,,,,,
,,,,,,,,,,,,,,,,,,,,,,,,,
,,,,,,,,,,,,,,,,,,,,,,,,,
,,,,,,,,,,,,,,,,,,,,,,,,,
,,,,,,,,,,,,,,,,,,,,,,,,,
,,,,,,,,,,,,,,,,,,,,,,,,,
,,,,,,,,,,,,,,,,,,,,,,,,,
,,,,,,,,,,,,,,,,,,,,,,,,,
,,,,,,,,,,,,,,,,,,,,,,,,,
,,,,,,,,,,,,,,,,,,,,,,,,,
,,,,,,,,,,,,,,,,,,,,,,,,,
,,,,,,,,,,,,,,,,,,,,,,,,,
,,,,,,,,,,,,,,,,,,,,,,,,,
,,,,,,,,,,,,,,,,,,,,,,,,,
,,,,,,,,,,,,,,,,,,,,,,,,,
,,,,,,,,,,,,,,,,,,,,,,,,,
,,,,,,,,,,,,,,,,,,,,,,,,,
,,,,,,,,,,,,,,,,,,,,,,,,,
,,,,,,,,,,,,,,,,,,,,,,,,,
,,,,,,,,,,,,,,,,,,,,,,,,,
,,,,,,,,,,,,,,,,,,,,,,,,,
,,,,,,,,,,,,,,,,,,,,,,,,,
,,,,,,,,,,,,,,,,,,,,,,,,,
,,,,,,,,,,,,,,,,,,,,,,,,,
,,,,,,,,,,,,,,,,,,,,,,,,,
,,,,,,,,,,,,,,,,,,,,,,,,,
,,,,,,,,,,,,,,,,,,,,,,,,,
,,,,,,,,,,,,,,,,,,,,,,,,,
,,,,,,,,,,,,,,,,,,,,,,,,,
,,,,,,,,,,,,,,,,,,,,,,,,,
,,,,,,,,,,,,,,,,,,,,,,,,,
,,,,,,,,,,,,,,,,,,,,,,,,,
,,,,,,,,,,,,,,,,,,,,,,,,,
,,,,,,,,,,,,,,,,,,,,,,,,,
,,,,,,,,,,,,,,,,,,,,,,,,,
,,,,,,,,,,,,,,,,,,,,,,,,,
,,,,,,,,,,,,,,,,,,,,,,,,,
,,,,,,,,,,,,,,,,,,,,,,,,,
,,,,,,,,,,,,,,,,,,,,,,,,,
,,,,,,,,,,,,,,,,,,,,,,,,,
,,,,,,,,,,,,,,,,,,,,,,,,,
,,,,,,,,,,,,,,,,,,,,,,,,,
,,,,,,,,,,,,,,,,,,,,,,,,,
,,,,,,,,,,,,,,,,,,,,,,,,,
,,,,,,,,,,,,,,,,,,,,,,,,,
,,,,,,,,,,,,,,,,,,,,,,,,,
,,,,,,,,,,,,,,,,,,,,,,,,,
,,,,,,,,,,,,,,,,,,,,,,,,,
,,,,,,,,,,,,,,,,,,,,,,,,,
,,,,,,,,,,,,,,,,,,,,,,,,,
,,,,,,,,,,,,,,,,,,,,,,,,,
,,,,,,,,,,,,,,,,,,,,,,,,,
,,,,,,,,,,,,,,,,,,,,,,,,,
,,,,,,,,,,,,,,,,,,,,,,,,,
,,,,,,,,,,,,,,,,,,,,,,,,,
,,,,,,,,,,,,,,,,,,,,,,,,,
,,,,,,,,,,,,,,,,,,,,,,,,,
,,,,,,,,,,,,,,,,,,,,,,,,,
,,,,,,,,,,,,,,,,,,,,,,,,,
,,,,,,,,,,,,,,,,,,,,,,,,,
,,,,,,,,,,,,,,,,,,,,,,,,,
,,,,,,,,,,,,,,,,,,,,,,,,,
,,,,,,,,,,,,,,,,,,,,,,,,,
,,,,,,,,,,,,,,,,,,,,,,,,,
,,,,,,,,,,,,,,,,,,,,,,,,,
,,,,,,,,,,,,,,,,,,,,,,,,,
,,,,,,,,,,,,,,,,,,,,,,,,,
,,,,,,,,,,,,,,,,,,,,,,,,,
,,,,,,,,,,,,,,,,,,,,,,,,,
,,,,,,,,,,,,,,,,,,,,,,,,,
,,,,,,,,,,,,,,,,,,,,,,,,,
,,,,,,,,,,,,,,,,,,,,,,,,,
,,,,,,,,,,,,,,,,,,,,,,,,,
,,,,,,,,,,,,,,,,,,,,,,,,,
,,,,,,,,,,,,,,,,,,,,,,,,,
,,,,,,,,,,,,,,,,,,,,,,,,,
,,,,,,,,,,,,,,,,,,,,,,,,,
,,,,,,,,,,,,,,,,,,,,,,,,,
,,,,,,,,,,,,,,,,,,,,,,,,,
,,,,,,,,,,,,,,,,,,,,,,,,,
,,,,,,,,,,,,,,,,,,,,,,,,,
,,,,,,,,,,,,,,,,,,,,,,,,,
,,,,,,,,,,,,,,,,,,,,,,,,,
,,,,,,,,,,,,,,,,,,,,,,,,,
,,,,,,,,,,,,,,,,,,,,,,,,,
,,,,,,,,,,,,,,,,,,,,,,,,,
,,,,,,,,,,,,,,,,,,,,,,,,,
,,,,,,,,,,,,,,,,,,,,,,,,,
,,,,,,,,,,,,,,,,,,,,,,,,,
,,,,,,,,,,,,,,,,,,,,,,,,,
,,,,,,,,,,,,,,,,,,,,,,,,,
,,,,,,,,,,,,,,,,,,,,,,,,,
,,,,,,,,,,,,,,,,,,,,,,,,,
,,,,,,,,,,,,,,,,,,,,,,,,,
,,,,,,,,,,,,,,,,,,,,,,,,,
,,,,,,,,,,,,,,,,,,,,,,,,,
,,,,,,,,,,,,,,,,,,,,,,,,,
,,,,,,,,,,,,,,,,,,,,,,,,,
,,,,,,,,,,,,,,,,,,,,,,,,,
,,,,,,,,,,,,,,,,,,,,,,,,,
,,,,,,,,,,,,,,,,,,,,,,,,,
,,,,,,,,,,,,,,,,,,,,,,,,,
,,,,,,,,,,,,,,,,,,,,,,,,,
,,,,,,,,,,,,,,,,,,,,,,,,,
,,,,,,,,,,,,,,,,,,,,,,,,,
,,,,,,,,,,,,,,,,,,,,,,,,,
,,,,,,,,,,,,,,,,,,,,,,,,,
,,,,,,,,,,,,,,,,,,,,,,,,,
,,,,,,,,,,,,,,,,,,,,,,,,,
,,,,,,,,,,,,,,,,,,,,,,,,,
,,,,,,,,,,,,,,,,,,,,,,,,,
,,,,,,,,,,,,,,,,,,,,,,,,,
,,,,,,,,,,,,,,,,,,,,,,,,,
,,,,,,,,,,,,,,,,,,,,,,,,,
,,,,,,,,,,,,,,,,,,,,,,,,,
,,,,,,,,,,,,,,,,,,,,,,,,,
,,,,,,,,,,,,,,,,,,,,,,,,,
,,,,,,,,,,,,,,,,,,,,,,,,,
,,,,,,,,,,,,,,,,,,,,,,,,,
,,,,,,,,,,,,,,,,,,,,,,,,,
,,,,,,,,,,,,,,,,,,,,,,,,,
,,,,,,,,,,,,,,,,,,,,,,,,,
,,,,,,,,,,,,,,,,,,,,,,,,,
,,,,,,,,,,,,,,,,,,,,,,,,,
,,,,,,,,,,,,,,,,,,,,,,,,,
,,,,,,,,,,,,,,,,,,,,,,,,,
,,,,,,,,,,,,,,,,,,,,,,,,,
,,,,,,,,,,,,,,,,,,,,,,,,,
,,,,,,,,,,,,,,,,,,,,,,,,,
,,,,,,,,,,,,,,,,,,,,,,,,,
,,,,,,,,,,,,,,,,,,,,,,,,,
,,,,,,,,,,,,,,,,,,,,,,,,,
,,,,,,,,,,,,,,,,,,,,,,,,,
,,,,,,,,,,,,,,,,,,,,,,,,,
,,,,,,,,,,,,,,,,,,,,,,,,,
,,,,,,,,,,,,,,,,,,,,,,,,,
,,,,,,,,,,,,,,,,,,,,,,,,,
,,,,,,,,,,,,,,,,,,,,,,,,,
,,,,,,,,,,,,,,,,,,,,,,,,,
,,,,,,,,,,,,,,,,,,,,,,,,,
,,,,,,,,,,,,,,,,,,,,,,,,,
,,,,,,,,,,,,,,,,,,,,,,,,,
,,,,,,,,,,,,,,,,,,,,,,,,,
,,,,,,,,,,,,,,,,,,,,,,,,,
,,,,,,,,,,,,,,,,,,,,,,,,,
,,,,,,,,,,,,,,,,,,,,,,,,,
,,,,,,,,,,,,,,,,,,,,,,,,,
,,,,,,,,,,,,,,,,,,,,,,,,,
,,,,,,,,,,,,,,,,,,,,,,,,,
,,,,,,,,,,,,,,,,,,,,,,,,,
,,,,,,,,,,,,,,,,,,,,,,,,,
,,,,,,,,,,,,,,,,,,,,,,,,,
,,,,,,,,,,,,,,,,,,,,,,,,,
,,,,,,,,,,,,,,,,,,,,,,,,,
,,,,,,,,,,,,,,,,,,,,,,,,,
,,,,,,,,,,,,,,,,,,,,,,,,,
,,,,,,,,,,,,,,,,,,,,,,,,,
,,,,,,,,,,,,,,,,,,,,,,,,,
,,,,,,,,,,,,,,,,,,,,,,,,,
,,,,,,,,,,,,,,,,,,,,,,,,,
,,,,,,,,,,,,,,,,,,,,,,,,,
,,,,,,,,,,,,,,,,,,,,,,,,,
,,,,,,,,,,,,,,,,,,,,,,,,,
,,,,,,,,,,,,,,,,,,,,,,,,,
,,,,,,,,,,,,,,,,,,,,,,,,,
,,,,,,,,,,,,,,,,,,,,,,,,,
,,,,,,,,,,,,,,,,,,,,,,,,,
,,,,,,,,,,,,,,,,,,,,,,,,,
,,,,,,,,,,,,,,,,,,,,,,,,,
,,,,,,,,,,,,,,,,,,,,,,,,,
,,,,,,,,,,,,,,,,,,,,,,,,,
,,,,,,,,,,,,,,,,,,,,,,,,,
,,,,,,,,,,,,,,,,,,,,,,,,,
,,,,,,,,,,,,,,,,,,,,,,,,,
,,,,,,,,,,,,,,,,,,,,,,,,,
,,,,,,,,,,,,,,,,,,,,,,,,,
,,,,,,,,,,,,,,,,,,,,,,,,,
,,,,,,,,,,,,,,,,,,,,,,,,,
,,,,,,,,,,,,,,,,,,,,,,,,,
,,,,,,,,,,,,,,,,,,,,,,,,,
,,,,,,,,,,,,,,,,,,,,,,,,,
,,,,,,,,,,,,,,,,,,,,,,,,,
,,,,,,,,,,,,,,,,,,,,,,,,,
,,,,,,,,,,,,,,,,,,,,,,,,,
,,,,,,,,,,,,,,,,,,,,,,,,,
,,,,,,,,,,,,,,,,,,,,,,,,,
,,,,,,,,,,,,,,,,,,,,,,,,,
,,,,,,,,,,,,,,,,,,,,,,,,,
,,,,,,,,,,,,,,,,,,,,,,,,,
,,,,,,,,,,,,,,,,,,,,,,,,,
,,,,,,,,,,,,,,,,,,,,,,,,,
,,,,,,,,,,,,,,,,,,,,,,,,,
,,,,,,,,,,,,,,,,,,,,,,,,,
,,,,,,,,,,,,,,,,,,,,,,,,,
,,,,,,,,,,,,,,,,,,,,,,,,,
,,,,,,,,,,,,,,,,,,,,,,,,,
,,,,,,,,,,,,,,,,,,,,,,,,,
,,,,,,,,,,,,,,,,,,,,,,,,,
,,,,,,,,,,,,,,,,,,,,,,,,,
,,,,,,,,,,,,,,,,,,,,,,,,,
,,,,,,,,,,,,,,,,,,,,,,,,,
,,,,,,,,,,,,,,,,,,,,,,,,,
,,,,,,,,,,,,,,,,,,,,,,,,,
,,,,,,,,,,,,,,,,,,,,,,,,,
,,,,,,,,,,,,,,,,,,,,,,,,,
,,,,,,,,,,,,,,,,,,,,,,,,,
,,,,,,,,,,,,,,,,,,,,,,,,,
,,,,,,,,,,,,,,,,,,,,,,,,,
,,,,,,,,,,,,,,,,,,,,,,,,,
,,,,,,,,,,,,,,,,,,,,,,,,,
,,,,,,,,,,,,,,,,,,,,,,,,,
,,,,,,,,,,,,,,,,,,,,,,,,,
,,,,,,,,,,,,,,,,,,,,,,,,,
,,,,,,,,,,,,,,,,,,,,,,,,,
,,,,,,,,,,,,,,,,,,,,,,,,,
,,,,,,,,,,,,,,,,,,,,,,,,,
,,,,,,,,,,,,,,,,,,,,,,,,,
,,,,,,,,,,,,,,,,,,,,,,,,,
,,,,,,,,,,,,,,,,,,,,,,,,,
,,,,,,,,,,,,,,,,,,,,,,,,,
,,,,,,,,,,,,,,,,,,,,,,,,,
,,,,,,,,,,,,,,,,,,,,,,,,,
,,,,,,,,,,,,,,,,,,,,,,,,,
,,,,,,,,,,,,,,,,,,,,,,,,,
,,,,,,,,,,,,,,,,,,,,,,,,,
,,,,,,,,,,,,,,,,,,,,,,,,,
,,,,,,,,,,,,,,,,,,,,,,,,,
,,,,,,,,,,,,,,,,,,,,,,,,,
,,,,,,,,,,,,,,,,,,,,,,,,,
,,,,,,,,,,,,,,,,,,,,,,,,,
,,,,,,,,,,,,,,,,,,,,,,,,,
,,,,,,,,,,,,,,,,,,,,,,,,,
,,,,,,,,,,,,,,,,,,,,,,,,,
,,,,,,,,,,,,,,,,,,,,,,,,,
,,,,,,,,,,,,,,,,,,,,,,,,,
,,,,,,,,,,,,,,,,,,,,,,,,,
,,,,,,,,,,,,,,,,,,,,,,,,,
,,,,,,,,,,,,,,,,,,,,,,,,,
,,,,,,,,,,,,,,,,,,,,,,,,,
,,,,,,,,,,,,,,,,,,,,,,,,,
,,,,,,,,,,,,,,,,,,,,,,,,,
,,,,,,,,,,,,,,,,,,,,,,,,,
,,,,,,,,,,,,,,,,,,,,,,,,,
,,,,,,,,,,,,,,,,,,,,,,,,,
,,,,,,,,,,,,,,,,,,,,,,,,,
,,,,,,,,,,,,,,,,,,,,,,,,,
,,,,,,,,,,,,,,,,,,,,,,,,,
,,,,,,,,,,,,,,,,,,,,,,,,,
,,,,,,,,,,,,,,,,,,,,,,,,,
,,,,,,,,,,,,,,,,,,,,,,,,,
,,,,,,,,,,,,,,,,,,,,,,,,,
,,,,,,,,,,,,,,,,,,,,,,,,,
,,,,,,,,,,,,,,,,,,,,,,,,,
,,,,,,,,,,,,,,,,,,,,,,,,,
,,,,,,,,,,,,,,,,,,,,,,,,,
,,,,,,,,,,,,,,,,,,,,,,,,,
,,,,,,,,,,,,,,,,,,,,,,,,,
,,,,,,,,,,,,,,,,,,,,,,,,,
,,,,,,,,,,,,,,,,,,,,,,,,,
,,,,,,,,,,,,,,,,,,,,,,,,,
,,,,,,,,,,,,,,,,,,,,,,,,,
,,,,,,,,,,,,,,,,,,,,,,,,,
,,,,,,,,,,,,,,,,,,,,,,,,,
,,,,,,,,,,,,,,,,,,,,,,,,,
,,,,,,,,,,,,,,,,,,,,,,,,,
,,,,,,,,,,,,,,,,,,,,,,,,,
,,,,,,,,,,,,,,,,,,,,,,,,,
,,,,,,,,,,,,,,,,,,,,,,,,,
,,,,,,,,,,,,,,,,,,,,,,,,,
,,,,,,,,,,,,,,,,,,,,,,,,,
,,,,,,,,,,,,,,,,,,,,,,,,,
,,,,,,,,,,,,,,,,,,,,,,,,,
,,,,,,,,,,,,,,,,,,,,,,,,,
,,,,,,,,,,,,,,,,,,,,,,,,,
,,,,,,,,,,,,,,,,,,,,,,,,,
,,,,,,,,,,,,,,,,,,,,,,,,,
,,,,,,,,,,,,,,,,,,,,,,,,,
,,,,,,,,,,,,,,,,,,,,,,,,,
,,,,,,,,,,,,,,,,,,,,,,,,,
,,,,,,,,,,,,,,,,,,,,,,,,,
,,,,,,,,,,,,,,,,,,,,,,,,,
,,,,,,,,,,,,,,,,,,,,,,,,,
,,,,,,,,,,,,,,,,,,,,,,,,,
,,,,,,,,,,,,,,,,,,,,,,,,,
,,,,,,,,,,,,,,,,,,,,,,,,,
,,,,,,,,,,,,,,,,,,,,,,,,,
,,,,,,,,,,,,,,,,,,,,,,,,,
,,,,,,,,,,,,,,,,,,,,,,,,,
,,,,,,,,,,,,,,,,,,,,,,,,,
,,,,,,,,,,,,,,,,,,,,,,,,,
,,,,,,,,,,,,,,,,,,,,,,,,,
,,,,,,,,,,,,,,,,,,,,,,,,,
,,,,,,,,,,,,,,,,,,,,,,,,,
,,,,,,,,,,,,,,,,,,,,,,,,,
,,,,,,,,,,,,,,,,,,,,,,,,,
,,,,,,,,,,,,,,,,,,,,,,,,,
,,,,,,,,,,,,,,,,,,,,,,,,,
,,,,,,,,,,,,,,,,,,,,,,,,,
,,,,,,,,,,,,,,,,,,,,,,,,,
,,,,,,,,,,,,,,,,,,,,,,,,,
,,,,,,,,,,,,,,,,,,,,,,,,,
,,,,,,,,,,,,,,,,,,,,,,,,,
,,,,,,,,,,,,,,,,,,,,,,,,,
,,,,,,,,,,,,,,,,,,,,,,,,,
,,,,,,,,,,,,,,,,,,,,,,,,,
,,,,,,,,,,,,,,,,,,,,,,,,,
,,,,,,,,,,,,,,,,,,,,,,,,,
,,,,,,,,,,,,,,,,,,,,,,,,,
,,,,,,,,,,,,,,,,,,,,,,,,,
,,,,,,,,,,,,,,,,,,,,,,,,,
,,,,,,,,,,,,,,,,,,,,,,,,,
,,,,,,,,,,,,,,,,,,,,,,,,,
,,,,,,,,,,,,,,,,,,,,,,,,,
,,,,,,,,,,,,,,,,,,,,,,,,,
,,,,,,,,,,,,,,,,,,,,,,,,,
,,,,,,,,,,,,,,,,,,,,,,,,,
,,,,,,,,,,,,,,,,,,,,,,,,,
,,,,,,,,,,,,,,,,,,,,,,,,,
,,,,,,,,,,,,,,,,,,,,,,,,,
,,,,,,,,,,,,,,,,,,,,,,,,,
,,,,,,,,,,,,,,,,,,,,,,,,,
,,,,,,,,,,,,,,,,,,,,,,,,,
,,,,,,,,,,,,,,,,,,,,,,,,,
,,,,,,,,,,,,,,,,,,,,,,,,,
,,,,,,,,,,,,,,,,,,,,,,,,,
,,,,,,,,,,,,,,,,,,,,,,,,,
,,,,,,,,,,,,,,,,,,,,,,,,,
,,,,,,,,,,,,,,,,,,,,,,,,,
,,,,,,,,,,,,,,,,,,,,,,,,,
,,,,,,,,,,,,,,,,,,,,,,,,,
,,,,,,,,,,,,,,,,,,,,,,,,,
,,,,,,,,,,,,,,,,,,,,,,,,,
,,,,,,,,,,,,,,,,,,,,,,,,,
,,,,,,,,,,,,,,,,,,,,,,,,,
,,,,,,,,,,,,,,,,,,,,,,,,,
,,,,,,,,,,,,,,,,,,,,,,,,,
,,,,,,,,,,,,,,,,,,,,,,,,,
,,,,,,,,,,,,,,,,,,,,,,,,,
,,,,,,,,,,,,,,,,,,,,,,,,,
,,,,,,,,,,,,,,,,,,,,,,,,,
,,,,,,,,,,,,,,,,,,,,,,,,,
,,,,,,,,,,,,,,,,,,,,,,,,,
,,,,,,,,,,,,,,,,,,,,,,,,,
,,,,,,,,,,,,,,,,,,,,,,,,,
,,,,,,,,,,,,,,,,,,,,,,,,,
,,,,,,,,,,,,,,,,,,,,,,,,,
,,,,,,,,,,,,,,,,,,,,,,,,,
,,,,,,,,,,,,,,,,,,,,,,,,,
,,,,,,,,,,,,,,,,,,,,,,,,,
,,,,,,,,,,,,,,,,,,,,,,,,,
,,,,,,,,,,,,,,,,,,,,,,,,,
,,,,,,,,,,,,,,,,,,,,,,,,,
,,,,,,,,,,,,,,,,,,,,,,,,,
,,,,,,,,,,,,,,,,,,,,,,,,,
,,,,,,,,,,,,,,,,,,,,,,,,,
,,,,,,,,,,,,,,,,,,,,,,,,,
,,,,,,,,,,,,,,,,,,,,,,,,,
,,,,,,,,,,,,,,,,,,,,,,,,,
,,,,,,,,,,,,,,,,,,,,,,,,,
,,,,,,,,,,,,,,,,,,,,,,,,,
,,,,,,,,,,,,,,,,,,,,,,,,,
,,,,,,,,,,,,,,,,,,,,,,,,,
,,,,,,,,,,,,,,,,,,,,,,,,,
,,,,,,,,,,,,,,,,,,,,,,,,,
,,,,,,,,,,,,,,,,,,,,,,,,,
,,,,,,,,,,,,,,,,,,,,,,,,,
,,,,,,,,,,,,,,,,,,,,,,,,,
,,,,,,,,,,,,,,,,,,,,,,,,,
,,,,,,,,,,,,,,,,,,,,,,,,,
,,,,,,,,,,,,,,,,,,,,,,,,,
,,,,,,,,,,,,,,,,,,,,,,,,,
,,,,,,,,,,,,,,,,,,,,,,,,,
,,,,,,,,,,,,,,,,,,,,,,,,,
,,,,,,,,,,,,,,,,,,,,,,,,,
,,,,,,,,,,,,,,,,,,,,,,,,,
,,,,,,,,,,,,,,,,,,,,,,,,,
,,,,,,,,,,,,,,,,,,,,,,,,,
,,,,,,,,,,,,,,,,,,,,,,,,,
,,,,,,,,,,,,,,,,,,,,,,,,,
,,,,,,,,,,,,,,,,,,,,,,,,,
,,,,,,,,,,,,,,,,,,,,,,,,,
,,,,,,,,,,,,,,,,,,,,,,,,,
,,,,,,,,,,,,,,,,,,,,,,,,,
,,,,,,,,,,,,,,,,,,,,,,,,,
,,,,,,,,,,,,,,,,,,,,,,,,,
,,,,,,,,,,,,,,,,,,,,,,,,,
,,,,,,,,,,,,,,,,,,,,,,,,,
,,,,,,,,,,,,,,,,,,,,,,,,,
,,,,,,,,,,,,,,,,,,,,,,,,,
,,,,,,,,,,,,,,,,,,,,,,,,,
,,,,,,,,,,,,,,,,,,,,,,,,,
,,,,,,,,,,,,,,,,,,,,,,,,,
,,,,,,,,,,,,,,,,,,,,,,,,,
,,,,,,,,,,,,,,,,,,,,,,,,,
,,,,,,,,,,,,,,,,,,,,,,,,,
,,,,,,,,,,,,,,,,,,,,,,,,,
,,,,,,,,,,,,,,,,,,,,,,,,,
,,,,,,,,,,,,,,,,,,,,,,,,,
,,,,,,,,,,,,,,,,,,,,,,,,,
,,,,,,,,,,,,,,,,,,,,,,,,,
,,,,,,,,,,,,,,,,,,,,,,,,,
,,,,,,,,,,,,,,,,,,,,,,,,,
,,,,,,,,,,,,,,,,,,,,,,,,,
,,,,,,,,,,,,,,,,,,,,,,,,,
,,,,,,,,,,,,,,,,,,,,,,,,,
,,,,,,,,,,,,,,,,,,,,,,,,,
,,,,,,,,,,,,,,,,,,,,,,,,,
,,,,,,,,,,,,,,,,,,,,,,,,,
,,,,,,,,,,,,,,,,,,,,,,,,,
,,,,,,,,,,,,,,,,,,,,,,,,,
,,,,,,,,,,,,,,,,,,,,,,,,,
,,,,,,,,,,,,,,,,,,,,,,,,,
,,,,,,,,,,,,,,,,,,,,,,,,,
,,,,,,,,,,,,,,,,,,,,,,,,,
,,,,,,,,,,,,,,,,,,,,,,,,,
,,,,,,,,,,,,,,,,,,,,,,,,,
,,,,,,,,,,,,,,,,,,,,,,,,,
,,,,,,,,,,,,,,,,,,,,,,,,,
,,,,,,,,,,,,,,,,,,,,,,,,,
,,,,,,,,,,,,,,,,,,,,,,,,,
,,,,,,,,,,,,,,,,,,,,,,,,,
,,,,,,,,,,,,,,,,,,,,,,,,,
,,,,,,,,,,,,,,,,,,,,,,,,,
,,,,,,,,,,,,,,,,,,,,,,,,,
,,,,,,,,,,,,,,,,,,,,,,,,,
,,,,,,,,,,,,,,,,,,,,,,,,,
,,,,,,,,,,,,,,,,,,,,,,,,,
,,,,,,,,,,,,,,,,,,,,,,,,,
,,,,,,,,,,,,,,,,,,,,,,,,,
,,,,,,,,,,,,,,,,,,,,,,,,,
,,,,,,,,,,,,,,,,,,,,,,,,,
,,,,,,,,,,,,,,,,,,,,,,,,,
,,,,,,,,,,,,,,,,,,,,,,,,,
,,,,,,,,,,,,,,,,,,,,,,,,,
,,,,,,,,,,,,,,,,,,,,,,,,,
,,,,,,,,,,,,,,,,,,,,,,,,,
,,,,,,,,,,,,,,,,,,,,,,,,,
,,,,,,,,,,,,,,,,,,,,,,,,,
,,,,,,,,,,,,,,,,,,,,,,,,,
,,,,,,,,,,,,,,,,,,,,,,,,,
,,,,,,,,,,,,,,,,,,,,,,,,,
,,,,,,,,,,,,,,,,,,,,,,,,,
,,,,,,,,,,,,,,,,,,,,,,,,,
,,,,,,,,,,,,,,,,,,,,,,,,,
,,,,,,,,,,,,,,,,,,,,,,,,,
,,,,,,,,,,,,,,,,,,,,,,,,,
,,,,,,,,,,,,,,,,,,,,,,,,,
,,,,,,,,,,,,,,,,,,,,,,,,,
,,,,,,,,,,,,,,,,,,,,,,,,,
,,,,,,,,,,,,,,,,,,,,,,,,,
,,,,,,,,,,,,,,,,,,,,,,,,,
,,,,,,,,,,,,,,,,,,,,,,,,,
,,,,,,,,,,,,,,,,,,,,,,,,,
,,,,,,,,,,,,,,,,,,,,,,,,,
,,,,,,,,,,,,,,,,,,,,,,,,,
,,,,,,,,,,,,,,,,,,,,,,,,,
,,,,,,,,,,,,,,,,,,,,,,,,,
,,,,,,,,,,,,,,,,,,,,,,,,,
,,,,,,,,,,,,,,,,,,,,,,,,,
,,,,,,,,,,,,,,,,,,,,,,,,,
,,,,,,,,,,,,,,,,,,,,,,,,,
,,,,,,,,,,,,,,,,,,,,,,,,,
,,,,,,,,,,,,,,,,,,,,,,,,,
,,,,,,,,,,,,,,,,,,,,,,,,,
,,,,,,,,,,,,,,,,,,,,,,,,,
,,,,,,,,,,,,,,,,,,,,,,,,,
,,,,,,,,,,,,,,,,,,,,,,,,,
,,,,,,,,,,,,,,,,,,,,,,,,,
,,,,,,,,,,,,,,,,,,,,,,,,,
,,,,,,,,,,,,,,,,,,,,,,,,,
,,,,,,,,,,,,,,,,,,,,,,,,,
,,,,,,,,,,,,,,,,,,,,,,,,,
,,,,,,,,,,,,,,,,,,,,,,,,,
,,,,,,,,,,,,,,,,,,,,,,,,,
,,,,,,,,,,,,,,,,,,,,,,,,,
,,,,,,,,,,,,,,,,,,,,,,,,,
,,,,,,,,,,,,,,,,,,,,,,,,,
,,,,,,,,,,,,,,,,,,,,,,,,,
,,,,,,,,,,,,,,,,,,,,,,,,,
,,,,,,,,,,,,,,,,,,,,,,,,,
,,,,,,,,,,,,,,,,,,,,,,,,,
,,,,,,,,,,,,,,,,,,,,,,,,,
,,,,,,,,,,,,,,,,,,,,,,,,,
,,,,,,,,,,,,,,,,,,,,,,,,,
,,,,,,,,,,,,,,,,,,,,,,,,,
,,,,,,,,,,,,,,,,,,,,,,,,,
,,,,,,,,,,,,,,,,,,,,,,,,,
,,,,,,,,,,,,,,,,,,,,,,,,,
,,,,,,,,,,,,,,,,,,,,,,,,,
,,,,,,,,,,,,,,,,,,,,,,,,,
,,,,,,,,,,,,,,,,,,,,,,,,,
,,,,,,,,,,,,,,,,,,,,,,,,,
,,,,,,,,,,,,,,,,,,,,,,,,,
,,,,,,,,,,,,,,,,,,,,,,,,,
,,,,,,,,,,,,,,,,,,,,,,,,,
,,,,,,,,,,,,,,,,,,,,,,,,,
,,,,,,,,,,,,,,,,,,,,,,,,,
,,,,,,,,,,,,,,,,,,,,,,,,,
,,,,,,,,,,,,,,,,,,,,,,,,,
,,,,,,,,,,,,,,,,,,,,,,,,,
,,,,,,,,,,,,,,,,,,,,,,,,,
,,,,,,,,,,,,,,,,,,,,,,,,,
,,,,,,,,,,,,,,,,,,,,,,,,,
,,,,,,,,,,,,,,,,,,,,,,,,,
,,,,,,,,,,,,,,,,,,,,,,,,,
,,,,,,,,,,,,,,,,,,,,,,,,,
,,,,,,,,,,,,,,,,,,,,,,,,,
,,,,,,,,,,,,,,,,,,,,,,,,,
,,,,,,,,,,,,,,,,,,,,,,,,,
,,,,,,,,,,,,,,,,,,,,,,,,,
,,,,,,,,,,,,,,,,,,,,,,,,,
,,,,,,,,,,,,,,,,,,,,,,,,,
,,,,,,,,,,,,,,,,,,,,,,,,,
,,,,,,,,,,,,,,,,,,,,,,,,,
,,,,,,,,,,,,,,,,,,,,,,,,,
,,,,,,,,,,,,,,,,,,,,,,,,,
,,,,,,,,,,,,,,,,,,,,,,,,,
,,,,,,,,,,,,,,,,,,,,,,,,,
,,,,,,,,,,,,,,,,,,,,,,,,,
,,,,,,,,,,,,,,,,,,,,,,,,,
,,,,,,,,,,,,,,,,,,,,,,,,,
,,,,,,,,,,,,,,,,,,,,,,,,,
,,,,,,,,,,,,,,,,,,,,,,,,,
,,,,,,,,,,,,,,,,,,,,,,,,,
,,,,,,,,,,,,,,,,,,,,,,,,,
,,,,,,,,,,,,,,,,,,,,,,,,,
,,,,,,,,,,,,,,,,,,,,,,,,,
,,,,,,,,,,,,,,,,,,,,,,,,,
,,,,,,,,,,,,,,,,,,,,,,,,,
,,,,,,,,,,,,,,,,,,,,,,,,,
,,,,,,,,,,,,,,,,,,,,,,,,,
,,,,,,,,,,,,,,,,,,,,,,,,,
,,,,,,,,,,,,,,,,,,,,,,,,,
,,,,,,,,,,,,,,,,,,,,,,,,,
,,,,,,,,,,,,,,,,,,,,,,,,,
,,,,,,,,,,,,,,,,,,,,,,,,,
,,,,,,,,,,,,,,,,,,,,,,,,,
,,,,,,,,,,,,,,,,,,,,,,,,,
,,,,,,,,,,,,,,,,,,,,,,,,,
,,,,,,,,,,,,,,,,,,,,,,,,,
,,,,,,,,,,,,,,,,,,,,,,,,,
,,,,,,,,,,,,,,,,,,,,,,,,,
,,,,,,,,,,,,,,,,,,,,,,,,,
,,,,,,,,,,,,,,,,,,,,,,,,,
,,,,,,,,,,,,,,,,,,,,,,,,,
,,,,,,,,,,,,,,,,,,,,,,,,,
,,,,,,,,,,,,,,,,,,,,,,,,,
,,,,,,,,,,,,,,,,,,,,,,,,,
,,,,,,,,,,,,,,,,,,,,,,,,,
,,,,,,,,,,,,,,,,,,,,,,,,,
,,,,,,,,,,,,,,,,,,,,,,,,,
,,,,,,,,,,,,,,,,,,,,,,,,,
,,,,,,,,,,,,,,,,,,,,,,,,,
,,,,,,,,,,,,,,,,,,,,,,,,,
,,,,,,,,,,,,,,,,,,,,,,,,,
,,,,,,,,,,,,,,,,,,,,,,,,,
,,,,,,,,,,,,,,,,,,,,,,,,,
,,,,,,,,,,,,,,,,,,,,,,,,,
,,,,,,,,,,,,,,,,,,,,,,,,,
,,,,,,,,,,,,,,,,,,,,,,,,,
,,,,,,,,,,,,,,,,,,,,,,,,,
,,,,,,,,,,,,,,,,,,,,,,,,,
,,,,,,,,,,,,,,,,,,,,,,,,,
,,,,,,,,,,,,,,,,,,,,,,,,,
,,,,,,,,,,,,,,,,,,,,,,,,,
,,,,,,,,,,,,,,,,,,,,,,,,,
,,,,,,,,,,,,,,,,,,,,,,,,,
,,,,,,,,,,,,,,,,,,,,,,,,,
,,,,,,,,,,,,,,,,,,,,,,,,,
,,,,,,,,,,,,,,,,,,,,,,,,,
,,,,,,,,,,,,,,,,,,,,,,,,,
,,,,,,,,,,,,,,,,,,,,,,,,,
,,,,,,,,,,,,,,,,,,,,,,,,,
,,,,,,,,,,,,,,,,,,,,,,,,,
,,,,,,,,,,,,,,,,,,,,,,,,,
,,,,,,,,,,,,,,,,,,,,,,,,,
,,,,,,,,,,,,,,,,,,,,,,,,,
,,,,,,,,,,,,,,,,,,,,,,,,,
,,,,,,,,,,,,,,,,,,,,,,,,,
,,,,,,,,,,,,,,,,,,,,,,,,,
,,,,,,,,,,,,,,,,,,,,,,,,,
,,,,,,,,,,,,,,,,,,,,,,,,,
,,,,,,,,,,,,,,,,,,,,,,,,,
,,,,,,,,,,,,,,,,,,,,,,,,,
,,,,,,,,,,,,,,,,,,,,,,,,,
,,,,,,,,,,,,,,,,,,,,,,,,,
,,,,,,,,,,,,,,,,,,,,,,,,,
,,,,,,,,,,,,,,,,,,,,,,,,,
,,,,,,,,,,,,,,,,,,,,,,,,,
,,,,,,,,,,,,,,,,,,,,,,,,,
,,,,,,,,,,,,,,,,,,,,,,,,,
,,,,,,,,,,,,,,,,,,,,,,,,,
,,,,,,,,,,,,,,,,,,,,,,,,,
,,,,,,,,,,,,,,,,,,,,,,,,,
,,,,,,,,,,,,,,,,,,,,,,,,,
,,,,,,,,,,,,,,,,,,,,,,,,,
,,,,,,,,,,,,,,,,,,,,,,,,,
,,,,,,,,,,,,,,,,,,,,,,,,,
,,,,,,,,,,,,,,,,,,,,,,,,,
,,,,,,,,,,,,,,,,,,,,,,,,,
,,,,,,,,,,,,,,,,,,,,,,,,,
,,,,,,,,,,,,,,,,,,,,,,,,,
,,,,,,,,,,,,,,,,,,,,,,,,,
,,,,,,,,,,,,,,,,,,,,,,,,,
,,,,,,,,,,,,,,,,,,,,,,,,,
,,,,,,,,,,,,,,,,,,,,,,,,,
,,,,,,,,,,,,,,,,,,,,,,,,,
,,,,,,,,,,,,,,,,,,,,,,,,,
,,,,,,,,,,,,,,,,,,,,,,,,,
,,,,,,,,,,,,,,,,,,,,,,,,,
,,,,,,,,,,,,,,,,,,,,,,,,,
,,,,,,,,,,,,,,,,,,,,,,,,,
,,,,,,,,,,,,,,,,,,,,,,,,,
,,,,,,,,,,,,,,,,,,,,,,,,,
,,,,,,,,,,,,,,,,,,,,,,,,,
,,,,,,,,,,,,,,,,,,,,,,,,,
,,,,,,,,,,,,,,,,,,,,,,,,,
,,,,,,,,,,,,,,,,,,,,,,,,,
,,,,,,,,,,,,,,,,,,,,,,,,,
,,,,,,,,,,,,,,,,,,,,,,,,,
,,,,,,,,,,,,,,,,,,,,,,,,,
,,,,,,,,,,,,,,,,,,,,,,,,,
,,,,,,,,,,,,,,,,,,,,,,,,,
,,,,,,,,,,,,,,,,,,,,,,,,,
,,,,,,,,,,,,,,,,,,,,,,,,,
,,,,,,,,,,,,,,,,,,,,,,,,,
,,,,,,,,,,,,,,,,,,,,,,,,,
,,,,,,,,,,,,,,,,,,,,,,,,,
,,,,,,,,,,,,,,,,,,,,,,,,,
,,,,,,,,,,,,,,,,,,,,,,,,,
,,,,,,,,,,,,,,,,,,,,,,,,,
,,,,,,,,,,,,,,,,,,,,,,,,,
,,,,,,,,,,,,,,,,,,,,,,,,,
,,,,,,,,,,,,,,,,,,,,,,,,,
,,,,,,,,,,,,,,,,,,,,,,,,,
,,,,,,,,,,,,,,,,,,,,,,,,,
,,,,,,,,,,,,,,,,,,,,,,,,,
,,,,,,,,,,,,,,,,,,,,,,,,,
,,,,,,,,,,,,,,,,,,,,,,,,,
,,,,,,,,,,,,,,,,,,,,,,,,,
,,,,,,,,,,,,,,,,,,,,,,,,,
,,,,,,,,,,,,,,,,,,,,,,,,,
,,,,,,,,,,,,,,,,,,,,,,,,,
,,,,,,,,,,,,,,,,,,,,,,,,,
,,,,,,,,,,,,,,,,,,,,,,,,,
,,,,,,,,,,,,,,,,,,,,,,,,,
,,,,,,,,,,,,,,,,,,,,,,,,,
,,,,,,,,,,,,,,,,,,,,,,,,,
,,,,,,,,,,,,,,,,,,,,,,,,,
,,,,,,,,,,,,,,,,,,,,,,,,,
,,,,,,,,,,,,,,,,,,,,,,,,,
,,,,,,,,,,,,,,,,,,,,,,,,,
,,,,,,,,,,,,,,,,,,,,,,,,,
,,,,,,,,,,,,,,,,,,,,,,,,,
,,,,,,,,,,,,,,,,,,,,,,,,,
,,,,,,,,,,,,,,,,,,,,,,,,,
,,,,,,,,,,,,,,,,,,,,,,,,,
,,,,,,,,,,,,,,,,,,,,,,,,,
,,,,,,,,,,,,,,,,,,,,,,,,,
,,,,,,,,,,,,,,,,,,,,,,,,,
,,,,,,,,,,,,,,,,,,,,,,,,,
,,,,,,,,,,,,,,,,,,,,,,,,,
,,,,,,,,,,,,,,,,,,,,,,,,,
,,,,,,,,,,,,,,,,,,,,,,,,,
,,,,,,,,,,,,,,,,,,,,,,,,,
,,,,,,,,,,,,,,,,,,,,,,,,,
,,,,,,,,,,,,,,,,,,,,,,,,,
,,,,,,,,,,,,,,,,,,,,,,,,,
,,,,,,,,,,,,,,,,,,,,,,,,,
,,,,,,,,,,,,,,,,,,,,,,,,,
,,,,,,,,,,,,,,,,,,,,,,,,,
,,,,,,,,,,,,,,,,,,,,,,,,,
,,,,,,,,,,,,,,,,,,,,,,,,,
,,,,,,,,,,,,,,,,,,,,,,,,,
,,,,,,,,,,,,,,,,,,,,,,,,,
,,,,,,,,,,,,,,,,,,,,,,,,,
,,,,,,,,,,,,,,,,,,,,,,,,,
,,,,,,,,,,,,,,,,,,,,,,,,,
,,,,,,,,,,,,,,,,,,,,,,,,,
,,,,,,,,,,,,,,,,,,,,,,,,,
,,,,,,,,,,,,,,,,,,,,,,,,,
,,,,,,,,,,,,,,,,,,,,,,,,,
,,,,,,,,,,,,,,,,,,,,,,,,,
,,,,,,,,,,,,,,,,,,,,,,,,,
,,,,,,,,,,,,,,,,,,,,,,,,,
,,,,,,,,,,,,,,,,,,,,,,,,,
,,,,,,,,,,,,,,,,,,,,,,,,,
,,,,,,,,,,,,,,,,,,,,,,,,,
,,,,,,,,,,,,,,,,,,,,,,,,,
,,,,,,,,,,,,,,,,,,,,,,,,,
,,,,,,,,,,,,,,,,,,,,,,,,,
,,,,,,,,,,,,,,,,,,,,,,,,,
,,,,,,,,,,,,,,,,,,,,,,,,,
,,,,,,,,,,,,,,,,,,,,,,,,,
,,,,,,,,,,,,,,,,,,,,,,,,,
,,,,,,,,,,,,,,,,,,,,,,,,,
,,,,,,,,,,,,,,,,,,,,,,,,,
,,,,,,,,,,,,,,,,,,,,,,,,,
,,,,,,,,,,,,,,,,,,,,,,,,,
,,,,,,,,,,,,,,,,,,,,,,,,,
,,,,,,,,,,,,,,,,,,,,,,,,,
,,,,,,,,,,,,,,,,,,,,,,,,,
,,,,,,,,,,,,,,,,,,,,,,,,,
,,,,,,,,,,,,,,,,,,,,,,,,,
